Date,DE1MT=RR,DE3MT=RR,DE6MT=RR,DE1YT=RR,DE2YT=RR,DE3YT=RR,DE5YT=RR,DE7YT=RR,DE10YT=RR,DE20YT=RR,DE30YT=RR
1/6/06,,2.355,2.491,2.632,2.765,2.871,2.979,3.108,3.257,3.491,3.559
1/13/06,,2.352,2.494,2.695,2.841,2.886,3.03,3.132,3.252,3.469,3.517
1/20/06,,2.399,2.546,2.703,2.797,2.947,3.07,3.212,3.333,3.549,3.608
1/27/06,,2.41,2.558,2.724,2.937,3.028,3.228,3.352,3.471,3.718,3.778
2/3/06,,2.441,2.571,2.745,2.973,3.072,3.272,3.391,3.504,3.723,3.766
2/10/06,,2.454,2.564,2.719,2.929,2.951,3.183,3.341,3.454,3.678,3.732
2/17/06,,2.475,2.621,2.716,2.936,3.034,3.237,3.376,3.482,3.728,3.776
2/24/06,,2.478,2.629,2.765,2.979,3.063,3.249,3.367,3.481,3.694,3.737
3/3/06,,2.507,2.672,2.829,3.105,3.084,3.364,3.454,3.572,3.738,3.792
3/10/06,,2.531,2.669,2.921,3.151,3.154,3.407,3.519,3.629,3.83,3.883
3/17/06,,2.557,2.52,2.973,3.2,3.18,3.408,3.534,3.634,3.835,3.878
3/24/06,,2.576,2.744,3.014,3.212,3.207,3.49,3.576,3.677,3.864,3.902
3/31/06,,2.62,2.799,3.126,3.306,3.313,3.614,3.7,3.791,3.978,4.005
4/7/06,,2.565,2.714,3.05,3.286,3.416,3.648,3.793,3.878,4.116,4.18
4/14/06,,2.587,2.778,3.016,3.3,3.45,3.662,3.805,3.877,4.097,4.151
4/21/06,,2.599,2.786,3.035,3.314,3.454,3.685,3.839,3.925,4.139,4.202
4/28/06,,2.615,2.851,3.058,3.385,3.517,3.751,3.89,3.97,4.159,4.219
5/5/06,,2.599,2.859,3.123,3.359,3.58,3.795,3.933,4.017,4.203,4.26
5/12/06,,2.613,2.883,3.158,3.368,3.597,3.83,3.974,4.061,4.313,4.315
5/19/06,,2.707,2.923,3.066,3.308,3.469,3.703,3.863,4.007,4.294,4.305
5/26/06,,2.693,2.898,3.09,3.252,3.411,3.593,3.756,3.872,4.186,4.188
6/2/06,,2.748,2.936,3.168,3.385,3.531,3.717,3.862,3.991,4.264,4.278
6/9/06,,2.719,2.871,3.143,3.371,3.487,3.686,3.822,3.93,4.215,4.222
6/16/06,,2.775,2.97,3.144,3.38,3.5,3.695,3.839,3.955,4.219,4.235
6/23/06,,2.823,2.994,3.3,3.517,3.612,3.811,3.931,4.059,4.333,4.342
6/30/06,,2.855,3.023,3.357,3.546,3.634,3.816,3.946,4.054,4.289,4.314
7/7/06,,2.895,3.05,3.417,3.637,3.789,3.903,4.021,4.115,4.333,4.339
7/14/06,,2.897,3.159,3.319,3.551,3.653,3.79,3.9,4.02,4.282,4.283
7/21/06,,2.951,3.173,3.334,3.542,3.661,3.746,3.866,3.966,4.228,4.228
7/28/06,,2.987,3.184,3.35,3.534,3.642,3.725,3.846,3.948,4.217,4.231
8/4/06,,3.014,3.239,3.391,3.57,3.691,3.767,3.873,3.965,4.214,4.222
8/11/06,,3.026,3.247,3.396,3.55,3.648,3.715,3.823,3.932,4.174,4.188
8/18/06,,3.059,3.28,3.529,3.623,3.704,3.752,3.835,3.912,4.156,4.168
8/25/06,,3.071,3.257,3.408,3.516,3.574,3.625,3.713,3.811,4.044,4.054
9/1/06,,3.096,3.267,3.468,3.501,3.529,3.58,3.666,3.755,4.012,4.009
9/8/06,,3.111,3.295,3.531,3.633,3.624,3.665,3.728,3.809,4.036,4.04
9/15/06,,3.166,3.377,3.616,3.661,3.657,3.692,3.744,3.806,4.006,4.007
9/22/06,,3.211,3.382,3.606,3.52,3.593,3.62,3.655,3.717,3.915,3.903
9/29/06,,3.24,3.379,3.572,3.499,3.561,3.608,3.622,3.681,3.877,3.875
10/6/06,,3.259,3.403,3.579,3.575,3.586,3.617,3.666,3.717,3.913,3.903
10/13/06,,3.238,3.404,3.641,3.652,3.665,3.715,3.767,3.811,3.987,3.969
10/20/06,,3.28,3.431,3.632,3.667,3.684,3.731,3.797,3.836,4.018,4
10/27/06,,3.304,3.467,3.697,3.739,3.744,3.786,3.814,3.855,4.006,3.986
11/3/06,,3.363,3.459,3.69,3.667,3.652,3.674,3.696,3.743,3.885,3.861
11/10/06,,3.384,3.49,3.734,3.737,3.661,3.711,3.728,3.744,3.883,3.857
11/17/06,,3.384,3.557,3.703,3.728,3.713,3.723,3.745,3.761,3.912,3.882
11/24/06,,3.444,3.54,3.567,3.711,3.639,3.693,3.702,3.741,3.89,3.855
12/1/06,,3.423,3.534,3.811,3.654,3.625,3.63,3.645,3.692,3.853,3.833
12/8/06,,3.455,3.562,3.698,3.703,3.667,3.678,3.698,3.712,3.871,3.843
12/15/06,,3.491,3.648,3.786,3.787,3.771,3.785,3.796,3.785,3.929,3.9
12/22/06,,3.495,3.655,3.813,3.829,3.812,3.857,3.858,3.863,4.011,3.984
12/29/06,,3.482,3.661,3.863,3.901,3.892,3.928,3.951,3.946,4.095,4.076
1/5/07,,3.478,3.681,3.858,3.89,3.866,3.899,3.925,3.935,4.071,4.042
1/12/07,,3.514,3.707,3.878,3.93,3.925,3.96,3.999,4.028,4.183,4.165
1/19/07,,3.58,3.749,3.912,3.948,3.936,3.988,4.023,4.044,4.191,4.172
1/26/07,,3.582,3.763,3.923,3.966,3.995,4.03,4.057,4.067,4.207,4.186
2/2/07,,3.591,3.758,3.923,3.956,3.989,4.023,4.085,4.094,4.235,4.224
2/9/07,,3.635,3.777,3.935,3.935,3.962,3.978,4.039,4.049,4.174,4.175
2/16/07,,3.644,3.787,3.935,3.93,3.932,3.97,4.011,4.048,4.185,4.172
2/23/07,,3.698,3.8,3.961,3.991,4.017,4.036,4.091,4.095,4.242,4.218
3/2/07,,3.702,3.797,3.948,3.874,3.884,3.869,3.932,3.955,4.113,4.093
3/9/07,,3.719,3.817,3.936,3.832,3.87,3.853,3.905,3.925,4.117,4.091
3/16/07,,3.773,3.885,4.002,3.899,3.885,3.86,3.892,3.904,4.092,4.075
3/23/07,,3.806,3.882,3.899,3.932,3.929,3.923,3.947,3.964,4.168,4.146
3/30/07,,3.811,3.903,4.015,4.004,4.006,4.012,4.041,4.061,4.261,4.247
4/6/07,,3.82,3.907,4.069,4.017,4.026,4.028,4.043,4.082,4.278,4.283
4/13/07,,3.812,3.93,4.121,4.108,4.122,4.143,4.166,4.199,4.398,4.403
4/20/07,,3.885,3.989,4.142,4.134,4.142,4.139,4.192,4.205,4.396,4.395
4/27/07,,3.913,4.017,4.168,4.172,4.174,4.196,4.232,4.214,4.401,4.387
5/4/07,,3.878,3.967,4.175,4.18,4.183,4.199,4.218,4.232,4.412,4.399
5/11/07,,3.902,3.995,4.163,4.161,4.162,4.174,4.197,4.199,4.386,4.372
5/18/07,,3.971,4.068,4.238,4.276,4.286,4.295,4.313,4.32,4.491,4.471
5/25/07,,4.004,4.079,4.252,4.299,4.315,4.333,4.335,4.296,4.523,4.501
6/1/07,,4.027,4.087,4.294,4.389,4.399,4.404,4.418,4.412,4.569,4.539
6/8/07,,4.045,4.096,4.324,4.462,4.469,4.51,4.541,4.546,4.717,4.682
6/15/07,,4.041,4.145,4.393,4.488,4.528,4.562,4.617,4.635,4.821,4.816
6/22/07,,4.051,4.148,4.412,4.433,4.544,4.578,4.632,4.65,4.843,4.805
6/29/07,,4.043,4.147,4.41,4.404,4.497,4.498,4.551,4.555,4.715,4.711
7/6/07,,4.056,4.161,4.453,4.474,4.565,4.587,4.633,4.654,4.794,4.774
7/13/07,,4.075,4.166,4.464,4.529,4.57,4.581,4.626,4.64,4.783,4.757
7/20/07,,4.071,4.215,4.463,4.494,4.545,4.547,4.559,4.545,4.691,4.656
7/27/07,,4.083,4.199,4.378,4.244,4.273,4.27,4.31,4.294,4.489,4.453
8/3/07,,4.104,4.202,4.413,4.326,4.365,4.343,4.377,4.359,4.536,4.492
8/10/07,,4.131,4.18,4.361,4.272,4.29,4.337,4.353,4.396,4.577,4.541
8/17/07,,4.006,4.076,4.18,3.903,3.989,4.045,4.129,4.238,4.478,4.453
8/24/07,,4.027,4.097,4.2,4.019,4.088,4.106,4.185,4.269,4.535,4.494
8/31/07,,3.914,3.995,4.127,3.972,4.044,4.072,4.159,4.216,4.527,4.492
9/7/07,,3.977,4.034,4.12,4.026,4.057,4.104,4.165,4.214,4.543,4.503
9/14/07,,3.898,4.001,4.079,4.005,4.052,4.068,4.121,4.167,4.484,4.466
9/21/07,,3.886,3.983,4.12,4.08,4.173,4.24,4.294,4.348,4.66,4.634
9/28/07,,3.868,3.971,4.074,4.063,4.146,4.195,4.289,4.36,4.633,4.618
10/5/07,,3.851,3.937,4.027,3.997,4.06,4.12,4.2,4.286,4.537,4.525
10/12/07,,3.915,3.925,4.07,4.113,4.212,4.205,4.331,4.369,4.602,4.594
10/19/07,,3.933,4.01,4.138,4.074,4.131,4.191,4.275,4.324,4.587,4.584
10/26/07,,3.943,3.983,4.065,3.933,3.986,4.032,4.115,4.161,4.437,4.447
11/2/07,,3.914,4.005,4.148,3.977,4.049,4.065,4.146,4.186,4.453,4.461
11/9/07,,3.937,3.984,4.073,3.861,3.924,3.922,4.067,4.131,4.466,4.457
11/16/07,,3.997,4.009,4.071,3.784,3.891,3.884,4.036,4.138,4.435,4.435
11/23/07,,4.027,4,4.031,3.617,3.7,3.738,3.914,4.025,4.439,4.47
11/30/07,,3.95,3.984,4.002,3.731,3.773,3.838,3.99,4.09,4.491,4.498
12/7/07,,3.954,3.986,4.053,3.835,3.797,3.875,4.019,4.105,4.511,4.508
12/14/07,,3.957,4.029,4.181,3.982,4.021,4.09,4.248,4.304,4.63,4.619
12/21/07,,3.833,3.975,4.221,3.933,3.99,4.08,4.21,4.268,4.556,4.542
12/28/07,,3.785,4.001,4.039,4.041,4.095,4.168,4.3,4.368,4.665,4.641
1/4/08,,3.95,3.974,4.03,3.805,3.855,3.92,4.076,4.193,4.507,4.504
1/11/08,,4.141,3.988,4.044,3.758,3.792,3.828,3.982,4.087,4.491,4.519
1/18/08,,3.928,3.904,3.87,3.478,3.565,3.615,3.788,3.948,4.368,4.418
1/25/08,,3.971,3.914,3.811,3.484,3.579,3.642,3.863,4.011,4.465,4.536
2/1/08,,3.934,3.862,3.727,3.382,3.491,3.564,3.749,3.933,4.394,4.451
2/8/08,,3.865,3.857,3.566,3.121,3.284,3.317,3.651,3.895,4.401,4.452
2/15/08,,3.851,3.762,3.648,3.197,3.361,3.503,3.749,4.008,4.478,4.529
2/22/08,,3.874,3.852,3.618,3.327,3.433,3.542,3.764,3.994,4.457,4.483
2/29/08,,3.869,3.779,3.573,3.267,3.305,3.491,3.721,3.989,4.491,4.533
3/7/08,,3.9,3.813,3.81,3.324,3.256,3.371,3.56,3.797,4.413,4.465
3/14/08,,3.871,3.834,3.706,3.142,3.272,3.37,3.546,3.76,4.396,4.473
3/21/08,,3.866,3.801,3.648,3.175,3.281,3.413,3.554,3.723,4.363,4.418
3/28/08,,3.791,3.823,3.775,3.425,3.528,3.605,3.794,3.915,4.565,4.598
4/4/08,,4.007,3.876,3.862,3.473,3.593,3.637,3.859,3.985,4.535,4.558
4/11/08,,4.005,3.893,3.862,3.46,3.528,3.628,3.891,3.986,4.53,4.532
4/18/08,,4.019,3.922,4.026,3.809,3.838,3.931,4.055,4.139,4.595,4.651
4/25/08,,4.093,3.977,4.077,3.868,3.895,3.935,4.129,4.18,4.711,4.72
5/2/08,,4.084,3.953,4.03,3.836,3.856,3.977,4.136,4.198,4.651,4.652
5/9/08,,3.938,4.001,3.998,3.675,3.681,3.756,3.94,3.991,4.488,4.507
5/16/08,,3.991,4.002,4.128,3.994,3.957,4.013,4.153,4.178,4.667,4.668
5/23/08,,3.938,4.095,4.231,4.207,4.16,4.148,4.222,4.264,4.705,4.708
5/30/08,,3.929,4.108,4.302,4.323,4.266,4.302,4.373,4.454,4.82,4.827
6/6/08,,4.091,4.298,4.614,4.652,4.501,4.426,4.428,4.423,4.723,4.689
6/13/08,,4.132,4.324,4.677,4.625,4.645,4.662,4.684,4.655,4.941,4.89
6/20/08,,4.246,4.418,4.677,4.601,4.648,4.674,4.678,4.626,4.846,4.754
6/27/08,,4.217,4.461,4.563,4.429,4.467,4.48,4.516,4.525,4.887,4.821
7/4/08,,4.262,4.399,4.575,4.419,4.43,4.466,4.491,4.496,4.864,4.827
7/11/08,,4.26,4.392,4.499,4.44,4.439,4.467,4.481,4.456,4.852,4.8
7/18/08,,4.259,4.425,4.571,4.54,4.531,4.606,4.587,4.586,4.959,4.891
7/25/08,,4.284,4.407,4.545,4.435,4.49,4.546,4.592,4.622,4.963,4.885
8/1/08,,4.289,4.391,4.494,4.266,4.255,4.278,4.3,4.331,4.725,4.646
8/8/08,,4.278,4.341,4.416,4.065,4.065,4.078,4.136,4.26,4.737,4.693
8/15/08,,4.323,4.359,4.411,4,3.989,3.995,4.04,4.145,4.635,4.587
8/22/08,,4.342,4.344,4.428,4.137,4.094,4.117,4.133,4.219,4.674,4.627
8/29/08,,4.332,4.291,4.375,4.119,4.052,4.104,4.109,4.174,4.608,4.549
9/5/08,,4.336,4.359,4.383,4.004,3.847,3.89,3.938,4.034,4.593,4.54
9/12/08,,4.324,4.343,4.347,3.951,3.934,3.985,4.055,4.174,4.744,4.699
9/19/08,,4.056,4.113,4.307,4.042,4.056,4.139,4.181,4.231,4.86,4.831
9/26/08,,3.886,3.828,3.919,3.667,3.765,3.892,4.085,4.156,4.787,4.723
10/3/08,,3.276,3.56,3.058,3.3,3.422,3.589,3.8,3.918,4.45,4.345
10/10/08,,2.452,2.615,2.491,3.016,3.265,3.556,3.85,3.98,4.55,4.415
10/17/08,,2.626,2.253,2.844,2.984,3.231,3.605,3.916,4.038,4.691,4.538
10/24/08,,2.113,2.486,2.748,2.667,2.959,3.274,3.618,3.765,4.43,4.271
10/31/08,,2.403,2.254,2.577,2.562,2.841,3.195,3.676,3.903,4.633,4.428
11/7/08,,2.306,2.27,2.307,2.406,2.652,2.96,3.447,3.667,4.413,4.236
11/14/08,,2.2,2.166,2.238,2.222,2.419,2.829,3.303,3.681,4.436,4.318
11/21/08,,2.227,2.047,2.02,2.103,2.238,2.66,3.106,3.378,4.143,4.003
11/28/08,,2.165,2.019,2.023,2.202,2.209,2.672,3.065,3.265,3.938,3.728
12/5/08,,2.138,2.02,2.062,2.05,2.093,2.518,2.837,3.02,3.646,3.38
12/12/08,,2.116,2.032,2.13,2.224,2.362,2.806,3.144,3.294,4.021,3.823
12/19/08,,1.691,1.778,1.741,1.841,1.945,2.455,2.848,3.01,3.737,3.559
12/26/08,,1.663,1.668,1.818,1.796,1.846,2.335,2.761,2.945,3.74,3.53
1/2/09,,1.677,1.692,1.831,1.737,1.859,2.3,2.718,2.951,3.714,3.506
1/9/09,,1.524,1.435,1.349,1.54,1.677,2.274,2.769,3.019,3.898,3.738
1/16/09,,1.382,1.279,1.418,1.469,1.897,2.18,2.665,2.935,3.944,3.807
1/23/09,,1.247,1.111,1.229,1.439,1.937,2.342,2.879,3.223,4.236,4.125
1/30/09,,1.379,1.108,1.244,1.535,2.017,2.461,3.003,3.296,4.103,3.876
2/6/09,,1.206,0.899,1.13,1.401,1.903,2.379,2.993,3.365,4.167,3.931
2/13/09,,0.973,0.86,1.04,1.305,1.746,2.203,2.761,3.11,3.926,3.71
2/20/09,,0.893,0.971,1.015,1.309,1.69,2.157,2.68,3.019,3.941,3.722
2/27/09,,0.822,0.867,0.914,1.314,1.711,2.24,2.768,3.109,4.049,3.772
3/6/09,,0.786,0.774,0.79,1.179,1.564,2.02,2.579,2.921,3.928,3.679
3/13/09,,0.768,0.771,0.835,1.322,1.68,2.186,2.713,3.041,4.111,3.904
3/20/09,,0.641,0.714,0.733,1.37,1.69,2.175,2.667,2.978,4.053,3.878
3/27/09,,0.595,0.725,0.755,1.313,1.723,2.326,2.725,3.095,4.069,3.931
4/3/09,,0.633,0.718,0.937,1.531,1.911,2.51,2.893,3.236,4.198,4.053
4/10/09,,0.749,0.698,0.897,1.378,1.794,2.4,2.969,3.216,4.184,4.042
4/17/09,,0.825,0.813,0.987,1.477,1.857,2.47,3.017,3.272,4.229,4.074
4/24/09,,0.737,0.882,0.889,1.43,1.772,2.41,2.941,3.184,4.125,3.971
5/1/09,,0.687,0.853,0.885,1.371,1.696,2.351,2.899,3.165,4.033,3.896
5/8/09,,0.641,0.701,0.781,1.32,1.723,2.54,3.153,3.462,4.329,4.246
5/15/09,,0.618,0.695,0.759,1.266,1.676,2.444,3.034,3.368,4.248,4.195
5/22/09,,0.749,0.782,0.868,1.369,1.73,2.58,3.17,3.568,4.379,4.369
5/29/09,,0.721,0.772,0.874,1.419,1.736,2.642,3.201,3.58,4.392,4.368
6/5/09,,0.832,0.87,1.04,1.689,2.012,2.861,3.403,3.721,4.461,4.405
6/12/09,,0.711,0.771,0.96,1.738,2.015,2.854,3.356,3.64,4.407,4.346
6/19/09,,0.636,0.763,0.853,1.468,1.836,2.622,3.18,3.498,4.357,4.321
6/26/09,,0.62,0.665,0.774,1.331,1.709,2.496,3.046,3.391,4.284,4.233
7/3/09,,0.509,0.605,0.78,1.245,1.615,2.413,2.974,3.335,4.196,4.129
7/10/09,,0.416,0.536,0.723,1.205,1.572,2.336,2.891,3.258,4.136,4.057
7/17/09,,0.382,0.533,0.656,1.267,1.651,2.478,3.036,3.409,4.246,4.166
7/24/09,,0.323,0.534,0.666,1.342,1.726,2.561,3.094,3.483,4.288,4.226
7/31/09,,0.32,0.501,0.635,1.264,1.625,2.409,2.903,3.289,4.019,3.994
8/7/09,,0.338,0.524,0.855,1.599,2.003,2.734,3.184,3.526,4.172,4.147
8/14/09,,0.303,0.463,0.673,1.333,1.695,2.453,2.935,3.315,4.017,4
8/21/09,,0.382,0.486,0.702,1.408,1.788,2.49,2.959,3.32,3.997,3.984
8/28/09,,0.356,0.45,0.632,1.265,1.714,2.364,2.861,3.238,3.966,3.957
9/4/09,,0.381,0.428,0.646,1.105,1.549,2.323,2.848,3.256,4.034,4.025
9/11/09,,0.334,0.422,0.599,1.14,1.511,2.269,2.789,3.234,4.017,4.022
9/18/09,,,0.431,0.669,1.301,1.612,2.429,2.953,3.392,4.149,4.154
9/25/09,,0.355,0.471,0.575,1.218,1.764,2.411,2.795,3.241,3.991,3.974
10/2/09,,0.349,0.497,0.707,1.208,1.73,2.303,2.685,3.114,3.912,3.851
10/9/09,,0.392,0.547,0.819,1.372,1.853,2.396,2.779,3.204,3.983,3.904
10/16/09,,0.377,0.583,0.81,1.438,1.909,2.489,2.867,3.291,4.089,4.033
10/23/09,,0.37,0.545,0.782,1.395,1.847,2.508,2.992,3.352,4.148,4.109
10/30/09,,0.34,0.53,0.813,1.288,1.752,2.401,2.882,3.225,4.025,3.976
11/6/09,,0.343,0.477,0.766,1.282,1.79,2.518,3.02,3.381,4.173,4.148
11/13/09,,0.329,0.48,0.719,1.199,1.699,2.422,2.952,3.382,4.103,4.092
11/20/09,,0.432,0.523,0.749,1.338,1.669,2.368,2.832,3.242,3.98,3.935
11/27/09,,0.383,0.463,0.74,1.255,1.592,2.245,2.735,3.158,3.954,3.932
12/4/09,,0.355,0.433,0.777,1.345,1.703,2.342,2.85,3.233,4.005,3.974
12/11/09,,0.306,0.521,0.761,1.275,1.583,2.283,2.818,3.205,4.008,3.989
12/18/09,,0.327,0.476,0.689,1.168,1.482,2.187,2.744,3.141,3.895,3.886
12/25/09,,0.278,0.469,0.725,1.22,1.526,2.323,2.918,3.33,4.066,4.071
1/1/10,,0.32,0.474,0.767,1.36,1.658,2.438,2.993,3.388,4.11,4.105
1/8/10,,0.288,0.396,0.673,1.251,1.748,2.392,2.957,3.379,4.174,4.107
1/15/10,,0.284,0.367,0.571,1.146,1.623,2.365,2.832,3.258,4.091,4.021
1/22/10,,0.263,0.365,0.561,1.124,1.595,2.305,2.781,3.218,4.068,3.995
1/29/10,,0.274,0.336,0.644,1.127,1.572,2.28,2.746,3.19,3.978,3.916
2/5/10,,0.289,0.34,0.578,0.989,1.424,2.158,2.638,3.114,3.901,3.838
2/12/10,,0.271,0.331,0.536,0.99,1.441,2.22,2.71,3.192,3.982,3.923
2/19/10,,0.282,0.378,0.547,1.008,1.477,2.296,2.794,3.289,4.051,4.023
2/26/10,,0.238,0.356,0.524,0.876,1.326,2.132,2.606,3.099,3.882,3.848
3/5/10,,0.231,0.344,0.544,0.887,1.333,2.168,2.638,3.148,3.942,3.926
3/12/10,,0.284,0.4,0.616,0.957,1.384,2.197,2.668,3.162,3.924,3.932
3/19/10,,0.288,0.407,0.549,0.91,1.328,2.152,2.615,3.109,3.902,3.892
3/26/10,,0.328,0.369,0.591,0.893,1.321,2.199,2.675,3.15,3.903,3.9
4/2/10,,0.319,0.401,0.668,0.973,1.265,2.133,2.605,3.086,3.796,3.799
4/9/10,,0.31,0.435,0.673,0.992,1.289,2.193,2.671,3.165,3.867,3.882
4/16/10,,0.191,0.457,0.608,0.908,1.222,2.117,2.576,3.086,3.821,3.86
4/23/10,,0.277,0.414,0.618,0.919,1.214,2.087,2.544,3.053,3.788,3.798
4/30/10,,0.243,0.358,0.545,0.788,1.085,1.975,2.451,3.019,3.678,3.693
5/7/10,,0.203,0.298,0.413,0.576,0.773,1.641,2.169,2.785,3.502,3.528
5/14/10,,0.186,0.244,0.294,0.563,0.734,1.662,2.199,2.868,3.597,3.643
5/21/10,,0.208,0.235,0.35,0.51,0.684,1.523,2.036,2.665,3.366,3.398
5/28/10,,0.198,0.194,0.358,0.5,0.679,1.569,2.052,2.676,3.362,3.388
6/4/10,,0.208,0.2,0.299,0.484,0.596,1.445,1.926,2.568,3.296,3.301
6/11/10,,0.183,0.202,0.286,0.469,0.591,1.468,1.93,2.573,3.293,3.298
6/18/10,,0.169,0.269,0.345,0.581,0.711,1.599,2.094,2.73,3.436,3.444
6/25/10,,0.277,0.318,0.404,0.573,0.687,1.5,1.985,2.618,3.341,3.356
7/2/10,,0.183,0.27,0.551,0.672,0.892,1.489,2.087,2.587,3.259,3.288
7/9/10,,0.27,0.292,0.609,0.774,0.987,1.589,2.163,2.636,3.295,3.298
7/16/10,,0.259,0.238,0.552,0.776,1.006,1.602,2.151,2.604,3.287,3.305
7/23/10,,0.305,0.482,0.589,0.752,1.055,1.691,2.244,2.708,3.354,3.384
7/30/10,,0.274,0.454,0.659,0.805,1.063,1.647,2.223,2.671,3.374,3.373
8/6/10,,0.304,0.47,0.704,0.752,0.998,1.513,2.058,2.516,3.186,3.207
8/13/10,,0.275,0.461,0.573,0.663,0.844,1.367,1.915,2.394,3.141,3.153
8/20/10,,0.249,0.427,0.538,0.608,0.817,1.286,1.799,2.267,2.918,2.901
8/27/10,,0.254,0.454,0.532,0.647,0.821,1.299,1.78,2.203,2.752,2.705
9/3/10,,0.27,0.435,0.541,0.641,0.864,1.346,1.887,2.355,2.997,2.974
9/10/10,,0.272,0.451,0.589,0.741,0.946,1.391,1.941,2.409,3.016,2.987
9/17/10,,0.346,0.447,0.617,0.78,0.982,1.44,1.982,2.422,3.068,3.054
9/24/10,,0.355,0.448,0.586,0.746,0.939,1.49,1.907,2.348,3.017,2.993
10/1/10,,0.535,0.586,0.723,0.849,1.003,1.508,1.882,2.279,2.889,2.874
10/8/10,,0.449,0.57,0.749,0.795,0.933,1.426,1.816,2.255,2.902,2.895
10/15/10,,0.526,0.602,0.779,0.821,0.976,1.484,1.912,2.378,3.039,3.023
10/22/10,,0.531,0.785,0.877,1.012,1.168,1.688,2.166,2.479,3.065,3.014
10/29/10,,0.635,0.805,0.859,0.986,1.173,1.711,2.198,2.522,3.087,3.037
11/5/10,,0.636,0.736,0.885,0.914,1.077,1.568,2.085,2.423,3.03,2.958
11/12/10,0.524,0.619,0.733,0.867,1.034,1.149,1.625,2.17,2.516,3.133,3.047
11/19/10,0.312,0.591,0.714,0.824,1.117,1.26,1.834,2.387,2.705,3.319,3.236
11/26/10,0.18,0.442,0.613,0.829,0.93,1.117,1.767,2.366,2.738,3.318,3.234
12/3/10,0.48,0.439,0.545,0.684,0.859,1.064,1.832,2.471,2.861,3.448,3.376
12/10/10,0.373,0.419,0.636,0.754,1.086,1.271,1.998,2.594,2.953,3.486,3.41
12/17/10,0.36,0.322,0.6,0.745,1.056,1.272,2.034,2.647,3.023,3.612,3.535
12/24/10,0.312,0.283,0.536,0.644,0.958,1.166,1.904,2.559,2.982,3.55,3.47
12/31/10,0.28,0.29,0.511,0.608,0.854,1.04,1.844,2.51,2.949,3.522,3.445
1/7/11,0.286,0.293,0.478,0.599,0.856,1.039,1.787,2.443,2.862,3.491,3.41
1/14/11,0.409,0.428,0.581,0.702,1.16,1.339,2.177,2.65,3.033,3.586,3.49
1/21/11,0.522,0.513,0.643,0.85,1.302,1.674,2.349,2.791,3.183,3.694,3.612
1/28/11,0.655,0.645,0.709,0.949,1.382,1.764,2.408,2.825,3.17,3.707,3.618
2/4/11,0.61,0.625,0.711,1.038,1.444,1.806,2.461,2.898,3.259,3.832,3.721
2/11/11,0.633,0.607,0.774,1.012,1.398,1.8,2.459,2.903,3.289,3.859,3.767
2/18/11,0.491,0.541,0.763,1.002,1.402,1.782,2.417,2.851,3.253,3.82,3.726
2/25/11,0.621,0.518,0.792,1,1.549,1.774,2.373,2.773,3.145,3.699,3.597
3/4/11,0.704,0.648,0.891,1.245,1.769,2.007,2.591,2.95,3.289,3.806,3.712
3/11/11,0.559,0.582,0.83,1.154,1.653,1.926,2.5,2.872,3.204,3.73,3.638
3/18/11,0.622,0.627,0.832,1.134,1.639,1.902,2.476,2.843,3.189,3.77,3.693
3/25/11,0.655,0.729,0.881,1.175,1.733,1.984,2.569,2.928,3.271,3.829,3.786
4/1/11,0.672,0.701,0.882,1.306,1.839,2.105,2.71,3.062,3.385,3.92,3.862
4/8/11,0.745,0.816,1.073,1.37,1.916,2.208,2.812,3.16,3.486,4.045,3.993
4/15/11,0.753,0.793,1.041,1.343,1.863,2.138,2.715,3.055,3.383,3.926,3.874
4/22/11,0.755,0.82,1.122,1.285,1.766,2.037,2.613,3.019,3.27,3.844,3.813
4/29/11,0.891,0.843,1.166,1.38,1.774,2.037,2.601,2.959,3.236,3.769,3.733
5/6/11,0.87,0.8,1.137,1.378,1.791,2.036,2.567,2.911,3.18,3.74,3.697
5/13/11,0.884,0.921,1.175,1.337,1.789,1.934,2.436,2.797,3.084,3.657,3.612
5/20/11,0.881,0.943,1.161,1.364,1.769,1.922,2.417,2.767,3.068,3.642,3.605
5/27/11,0.845,0.853,1.105,1.249,1.563,1.736,2.238,2.647,2.979,3.554,3.523
6/3/11,0.868,0.89,1.141,1.319,1.683,1.875,2.344,2.727,3.059,3.64,3.596
6/10/11,1.044,0.987,1.178,1.348,1.544,1.693,2.187,2.592,2.966,3.579,3.553
6/17/11,1.015,1.147,1.258,1.367,1.511,1.649,2.161,2.577,2.955,3.612,3.603
6/24/11,1.031,1.069,1.184,1.294,1.363,1.479,2.004,2.437,2.834,3.54,3.566
7/1/11,0.95,1.001,1.212,1.418,1.664,1.778,2.309,2.684,3.054,3.715,3.753
7/8/11,0.957,1.009,1.171,1.385,1.456,1.559,2.027,2.436,2.835,3.493,3.507
7/15/11,0.933,1.151,1.1,1.186,1.218,1.346,1.856,2.27,2.704,3.377,3.396
7/22/11,0.744,0.925,1.317,1.269,1.375,1.492,2.006,2.418,2.817,3.538,3.552
7/29/11,0.866,1.011,0.91,1.186,1.166,1.403,1.729,2.148,2.544,3.295,3.301
8/5/11,0.888,0.557,0.622,0.766,0.811,1.101,1.49,1.92,2.36,3.135,3.134
8/12/11,0.596,0.613,0.478,0.695,0.702,1.008,1.413,1.873,2.334,3.166,3.167
8/19/11,0.748,0.674,0.562,0.655,0.643,0.849,1.208,1.623,2.099,2.939,2.945
8/26/11,0.522,0.421,0.455,0.618,0.655,0.854,1.222,1.642,2.152,2.983,2.993
9/2/11,0.507,0.394,0.403,0.531,0.545,0.727,1.09,1.503,2.012,2.921,2.952
9/9/11,0.435,0.316,0.249,0.374,0.39,0.551,0.872,1.275,1.777,2.65,2.747
9/16/11,0.475,0.319,0.235,0.445,0.516,0.68,1.004,1.387,1.857,2.666,2.726
9/23/11,0.373,0.15,0.111,0.3,0.395,0.577,0.906,1.279,1.745,2.489,2.518
9/30/11,0.213,0.248,0.225,0.38,0.558,0.709,1.163,1.422,1.886,2.638,2.66
10/7/11,0.298,0.379,0.3,0.443,0.616,0.776,1.254,1.54,2.005,2.78,2.79
10/14/11,0.245,0.275,0.307,0.431,0.675,0.845,1.386,1.703,2.198,2.941,2.958
10/21/11,0.335,0.286,0.312,0.39,0.664,0.83,1.33,1.728,2.116,2.872,2.847
10/28/11,0.344,0.279,0.293,0.369,0.62,0.798,1.319,1.787,2.196,3.009,2.945
11/4/11,0.24,0.084,0.088,0.205,0.395,0.531,0.96,1.401,1.821,2.704,2.651
11/11/11,0.153,0.078,0.089,0.269,0.391,0.536,1.003,1.441,1.853,2.619,2.585
11/18/11,0.115,0.064,0.184,0.209,0.452,0.607,1.094,1.555,1.969,2.766,2.643
11/25/11,0.12,0.088,0.041,0.03,0.468,0.666,1.235,1.78,2.262,2.958,2.822
12/2/11,0.135,0.03,-0.064,-0.034,0.313,0.5,1.074,1.668,2.17,2.913,2.765
12/9/11,-0.112,0.056,0.021,0.026,0.333,0.494,1.018,1.612,2.111,2.802,2.642
12/16/11,-0.11,0.005,0.01,0.008,0.234,0.353,0.836,1.404,1.876,2.538,2.405
12/23/11,-0.142,-0.087,-0.03,0.025,0.222,0.362,0.881,1.454,1.948,2.583,2.461
12/30/11,-0.246,-0.087,-0.073,-0.087,0.141,0.277,0.744,1.314,1.816,2.478,2.358
1/6/12,0.001,-0.205,-0.16,-0.112,0.172,0.278,0.778,1.315,1.85,2.494,2.439
1/13/12,-0.077,0.027,0.007,0.055,0.156,0.237,0.745,1.221,1.764,2.416,2.351
1/20/12,-0.082,0.001,0.002,0.06,0.218,0.452,0.899,1.374,1.936,2.607,2.552
1/27/12,0.095,0.023,0.043,0.099,0.193,0.385,0.823,1.291,1.859,2.606,2.539
2/3/12,0.017,0.01,0.028,0.149,0.218,0.419,0.88,1.339,1.941,2.624,2.554
2/10/12,0.018,0.036,0.07,0.221,0.252,0.429,0.891,1.355,1.947,2.645,2.59
2/17/12,0.04,0.07,0.096,0.123,0.255,0.43,0.913,1.344,1.929,2.596,2.522
2/24/12,0.016,0.065,0.07,0.096,0.25,0.4,0.849,1.275,1.881,2.552,2.474
3/2/12,0.022,0.185,0.029,0.075,0.18,0.302,0.797,1.205,1.805,2.506,2.425
3/9/12,0.082,0.054,0.068,0.057,0.166,0.283,0.781,1.2,1.801,2.532,2.457
3/16/12,0.063,0.081,0.078,0.116,0.346,0.504,1.079,1.48,2.049,2.773,2.717
3/23/12,0.06,0.069,0.081,0.064,0.241,0.399,0.893,1.304,1.873,2.579,2.503
3/30/12,0.046,0.055,0.08,0.106,0.229,0.358,0.814,1.234,1.805,2.539,2.466
4/6/12,0.038,0.045,0.186,0.112,0.146,0.275,0.719,1.146,1.74,2.503,2.445
4/13/12,0.087,0.076,0.168,0.098,0.128,0.235,0.656,1.171,1.729,2.444,2.387
4/20/12,0.034,0.026,0.054,0.125,0.148,0.263,0.687,1.182,1.723,2.431,2.409
4/27/12,0.018,0.01,0.033,0.065,0.1,0.213,0.632,1.135,1.696,2.442,2.408
5/4/12,0.01,0.003,0.131,0.077,0.09,0.193,0.551,1.036,1.587,2.344,2.309
5/11/12,0.037,0.016,-0.002,0.095,0.086,0.188,0.556,0.993,1.526,2.252,2.214
5/18/12,0.049,0.047,0.059,0.085,0.056,0.153,0.493,0.92,1.425,2.134,2.093
5/25/12,0.009,0.026,0.004,0.051,0.055,0.122,0.454,0.882,1.376,2.038,1.987
6/1/12,-0.005,0.046,-0.004,0.004,0.012,0.046,0.332,0.723,1.178,1.763,1.688
6/8/12,0.014,0.05,0.009,0.017,0.051,0.126,0.442,0.853,1.316,1.954,1.894
6/15/12,0.049,0.042,-0.001,0.007,0.079,0.175,0.516,0.95,1.434,2.082,2.098
6/22/12,0.025,0.023,0.025,0.069,0.138,0.25,0.643,1.085,1.577,2.198,2.238
6/29/12,-0.038,0.015,0.018,0.036,0.143,0.237,0.633,1.09,1.605,2.31,2.357
7/6/12,0.01,0.011,0.015,-0.035,-0.002,0.059,0.351,0.801,1.337,2.075,2.205
7/13/12,-0.025,0.035,0.02,-0.044,-0.045,0.012,0.309,0.73,1.263,1.964,2.135
7/20/12,-0.153,0.023,-0.079,-0.082,-0.065,-0.037,0.24,0.628,1.162,1.863,2.063
7/27/12,0.005,0.001,0.024,0.019,-0.025,0.062,0.416,0.843,1.392,2.095,2.281
8/3/12,0.005,0.006,0.032,0.009,-0.026,0.059,0.433,0.863,1.412,2.064,2.244
8/10/12,0.099,0.082,0.027,-0.016,-0.075,-0.014,0.347,0.805,1.375,2.049,2.225
8/17/12,0.229,-0.093,-0.006,-0.03,-0.037,0.044,0.432,0.909,1.494,2.142,2.302
8/24/12,-0.152,-0.099,0.021,-0.003,-0.017,0.014,0.336,0.781,1.333,1.988,2.143
8/31/12,-0.148,-0.095,0.024,0.021,-0.023,0.01,0.343,0.788,1.347,2.004,2.135
9/7/12,0.04,-0.079,0.035,0.029,0.044,0.088,0.453,0.925,1.527,2.203,2.362
9/14/12,0.033,0.005,0.01,0.038,0.105,0.217,0.696,1.082,1.71,2.387,2.543
9/21/12,-0.173,0.005,-0.002,0.01,0.044,0.142,0.597,0.977,1.603,2.281,2.431
9/28/12,-0.169,0.006,0.069,0.053,0.027,0.099,0.508,0.848,1.423,2.093,2.239
10/5/12,-0.168,0.006,0.012,0.047,0.062,0.14,0.576,1.032,1.524,2.209,2.372
10/12/12,0.005,0.004,0.014,0.006,0.046,0.118,0.504,0.96,1.46,2.121,2.296
10/19/12,0.005,0.005,0.015,0.015,0.11,0.21,0.627,1.106,1.604,2.326,2.433
10/26/12,-0.066,0.005,0.016,0.018,0.054,0.139,0.541,1.028,1.539,2.299,2.403
11/2/12,0.05,0.006,0.019,0.008,0.013,0.083,0.469,0.945,1.456,2.181,2.272
11/9/12,-0.069,0.006,0.02,0.02,-0.031,0.023,0.365,0.831,1.345,2.114,2.2
11/16/12,0.096,0.009,0.008,0.02,-0.025,0.014,0.352,0.823,1.332,2.147,2.267
11/23/12,0.008,0.009,0.009,0.015,0.005,0.067,0.449,0.926,1.448,2.259,2.357
11/30/12,-0.01,0.279,0.009,0.013,0.007,0.069,0.399,0.855,1.37,2.171,2.266
12/7/12,0.075,0.086,0.016,-0.011,-0.083,-0.028,0.283,0.754,1.284,2.131,2.254
12/14/12,0,0.216,0.002,0.008,-0.04,0.022,0.336,0.814,1.356,2.146,2.251
12/21/12,0,0.005,-0.002,0.005,-0.007,0.045,0.351,0.83,1.382,2.15,2.262
12/28/12,0.051,0.005,-0.002,0.011,-0.028,0.009,0.285,0.754,1.305,2.057,2.158
1/4/13,0,0.017,0.095,0.067,0.079,0.159,0.524,0.995,1.544,2.314,2.425
1/11/13,0.025,0.021,0.029,0.066,0.132,0.223,0.636,1.022,1.584,2.339,2.454
1/18/13,0.016,0.06,0.055,0.082,0.186,0.269,0.62,0.981,1.558,2.216,2.324
1/25/13,0.099,0.051,0.095,0.143,0.263,0.353,0.73,1.068,1.638,2.305,2.41
2/1/13,0.098,0.062,0.067,0.134,0.244,0.345,0.723,1.08,1.666,2.295,2.39
2/8/13,0.05,0.051,0.031,0.106,0.188,0.278,0.634,0.995,1.61,2.275,2.377
2/15/13,0.049,0.047,0.044,0.078,0.189,0.275,0.657,1.019,1.659,2.337,2.441
2/22/13,-0.032,0.014,0.013,0.05,0.127,0.199,0.559,0.914,1.567,2.302,2.401
3/1/13,0.015,0.015,0.015,0.01,0.037,0.083,0.406,0.763,1.413,2.178,2.272
3/8/13,0.012,0.017,0.026,0.077,0.083,0.152,0.506,0.865,1.524,2.273,2.372
3/15/13,0.016,0.009,0.024,0.068,0.05,0.093,0.427,0.778,1.453,2.248,2.349
3/22/13,0.012,0.009,0.015,0.05,0.027,0.095,0.385,0.711,1.378,2.141,2.244
3/29/13,0.017,0.01,0.009,0.019,-0.023,0.031,0.306,0.613,1.28,2.097,2.214
4/5/13,0.024,0.011,-0.003,0.019,0.012,0.052,0.289,0.66,1.213,1.972,2.086
4/12/13,0.012,0.013,-0.004,0.017,0.019,0.063,0.318,0.7,1.26,2.076,2.192
4/19/13,0.016,-0.019,0.033,0.014,0.023,0.072,0.328,0.695,1.252,2.086,2.197
4/26/13,-0.002,0.015,0.019,0.004,0.005,0.052,0.303,0.661,1.21,2.01,2.123
5/3/13,0.01,0.017,0.016,-0.016,-0.001,0.051,0.33,0.692,1.245,2.057,2.163
5/10/13,0.012,0.013,0.032,0.034,0.053,0.122,0.446,0.822,1.385,2.186,2.285
5/17/13,0.016,0.025,0.021,0.018,-0.023,0.026,0.35,0.742,1.316,2.133,2.251
5/24/13,0.012,0.009,0.019,0.002,0.014,0.122,0.439,0.818,1.43,2.185,2.304
5/31/13,0.016,0.01,0.04,0.035,0.077,0.183,0.499,0.891,1.514,2.257,2.372
6/7/13,0.062,0.056,0.06,0.083,0.178,0.282,0.594,0.947,1.548,2.266,2.375
6/14/13,0.033,0.025,0.038,0.082,0.131,0.218,0.537,0.893,1.513,2.244,2.355
6/21/13,0.025,0.023,0.047,0.148,0.277,0.414,0.808,1.15,1.734,2.41,2.507
6/28/13,0.033,0.005,0.027,0.152,0.193,0.324,0.729,1.116,1.729,2.402,2.48
7/5/13,0.03,-0.006,0.06,0.092,0.125,0.249,0.653,1.074,1.729,2.432,2.511
7/12/13,0.025,0.039,0.022,0.084,0.099,0.187,0.554,0.934,1.556,2.299,2.382
7/19/13,0.033,0.11,0.045,0.091,0.09,0.163,0.508,0.895,1.525,2.291,2.381
7/26/13,0.025,0.007,0.041,0.065,0.159,0.264,0.65,1.045,1.668,2.414,2.494
8/2/13,0.033,0.041,0.04,0.057,0.159,0.263,0.653,1.043,1.654,2.388,2.46
8/9/13,0.026,0.039,0.042,0.059,0.161,0.273,0.668,1.11,1.677,2.411,2.478
8/16/13,0.033,0.009,0.037,0.069,0.221,0.354,0.81,1.291,1.875,2.605,2.664
8/23/13,0.048,0.015,0.043,0.089,0.291,0.408,0.897,1.36,1.931,2.639,2.691
8/30/13,0.011,0.015,0.04,0.109,0.248,0.412,0.822,1.28,1.86,2.588,2.652
9/6/13,0.047,0.007,0.055,0.091,0.261,0.453,1.013,1.367,1.948,2.656,2.703
9/13/13,0.013,0.014,0.053,0.092,0.224,0.421,0.99,1.335,1.973,2.667,2.724
9/20/13,0.027,0.027,0.053,0.09,0.212,0.382,0.94,1.295,1.946,2.71,2.777
9/27/13,0.004,0.018,0.04,0.095,0.174,0.302,0.795,1.122,1.779,2.537,2.599
10/4/13,0.003,0.011,0.046,0.091,0.175,0.312,0.853,1.182,1.833,2.625,2.701
10/11/13,0.074,0.009,0.06,0.09,0.187,0.327,0.852,1.2,1.86,2.655,2.734
10/18/13,0.06,0.041,0.078,0.097,0.184,0.304,0.812,1.182,1.835,2.638,2.724
10/25/13,0.018,0.023,0.078,0.128,0.189,0.294,0.775,1.124,1.754,2.559,2.639
11/1/13,0.03,0.034,0.049,0.075,0.117,0.222,0.666,1.045,1.693,2.526,2.619
11/8/13,0.008,0.031,0.049,0.074,0.111,0.234,0.692,1.175,1.761,2.596,2.689
11/15/13,0.017,0.022,0.067,0.075,0.128,0.215,0.651,1.133,1.71,2.568,2.669
11/22/13,0.095,0.099,0.074,0.077,0.138,0.225,0.688,1.176,1.749,2.587,2.67
11/29/13,0.08,0.07,0.059,0.108,0.119,0.23,0.655,1.126,1.693,2.539,2.62
12/6/13,0.08,0.105,0.106,0.139,0.211,0.341,0.807,1.272,1.837,2.641,2.701
12/13/13,0.04,0.126,0.132,0.182,0.248,0.362,0.819,1.283,1.83,2.621,2.685
12/20/13,0.098,0.148,0.117,0.184,0.226,0.364,0.878,1.325,1.867,2.639,2.689
12/27/13,0.096,0.112,0.089,0.17,0.238,0.415,0.959,1.413,1.951,2.711,2.765
1/3/14,0.099,0.09,0.176,0.157,0.214,0.383,0.926,1.401,1.944,2.722,2.777
1/10/14,0.083,0.088,0.111,0.16,0.19,0.333,0.831,1.306,1.846,2.667,2.737
1/17/14,0.086,0.086,0.102,0.138,0.17,0.298,0.843,1.207,1.755,2.574,2.657
1/24/14,0.099,0.114,0.133,0.137,0.123,0.229,0.748,1.114,1.655,2.477,2.558
1/31/14,0.098,0.103,0.096,0.086,0.073,0.143,0.651,1.014,1.657,2.395,2.484
2/7/14,0.087,0.112,0.115,0.109,0.102,0.162,0.666,1.015,1.661,2.407,2.498
2/14/14,0.098,0.095,0.098,0.103,0.116,0.171,0.679,1.04,1.687,2.44,2.547
2/21/14,0.112,0.079,0.09,0.107,0.123,0.164,0.666,1.026,1.665,2.443,2.553
2/28/14,0.119,0.081,0.104,0.134,0.13,0.252,0.67,1.013,1.627,2.383,2.478
3/7/14,0.14,0.163,0.146,0.176,0.181,0.281,0.688,1.036,1.652,2.406,2.5
3/14/14,0.116,0.133,0.149,0.154,0.158,0.219,0.598,0.936,1.545,2.343,2.443
3/21/14,0.131,0.189,0.173,0.188,0.223,0.294,0.697,1.025,1.634,2.395,2.492
3/28/14,0.102,0.116,0.153,0.158,0.149,0.223,0.611,0.938,1.551,2.323,2.421
4/4/14,0.147,0.127,0.154,0.159,0.167,0.243,0.605,0.94,1.552,2.358,2.462
4/11/14,0.136,0.137,0.138,0.158,0.16,0.235,0.581,1.004,1.506,2.287,2.391
4/18/14,0.108,0.043,0.132,0.152,0.17,0.248,0.595,1.016,1.515,2.289,2.389
4/25/14,0.124,0.079,0.144,0.158,0.173,0.25,0.589,0.99,1.485,2.237,2.332
5/2/14,0.065,0.025,0.116,0.143,0.133,0.202,0.534,0.951,1.452,2.227,2.328
5/9/14,0.048,0.056,0.088,0.142,0.137,0.199,0.562,0.948,1.459,2.257,2.367
5/16/14,0.018,0.064,0.124,0.094,0.097,0.133,0.459,0.831,1.336,2.13,2.242
5/23/14,0.062,0.032,0.098,0.107,0.066,0.11,0.467,0.846,1.413,2.165,2.274
5/30/14,0.018,0.061,0.079,0.09,0.066,0.097,0.427,0.791,1.355,2.131,2.242
6/6/14,-0.001,0.005,0.07,0.127,0.056,0.107,0.381,0.771,1.359,2.176,2.293
6/13/14,-0.008,-0.03,0.02,0.03,0.03,0.093,0.406,0.784,1.372,2.189,2.312
6/20/14,-0.005,-0.012,0.043,0.04,0.039,0.094,0.4,0.768,1.348,2.172,2.292
6/27/14,0.012,-0.03,0.02,0.026,0.038,0.083,0.371,0.708,1.263,2.068,2.184
7/4/14,0.046,-0.027,0.028,0.002,0.02,0.056,0.345,0.688,1.265,2.083,2.21
7/11/14,-0.017,-0.012,0.012,0.007,0.02,0.04,0.306,0.637,1.204,2.01,2.136
7/18/14,-0.004,-0.02,0.008,0.016,0.031,0.047,0.31,0.624,1.159,1.941,2.061
7/25/14,-0.036,-0.019,0.028,0.028,0.03,0.049,0.302,0.613,1.147,1.93,2.055
8/1/14,0.003,0.024,0.026,0.044,0.025,0.043,0.299,0.603,1.139,1.912,2.045
8/8/14,-0.017,0.02,0.021,0.034,0.017,0.024,0.259,0.544,1.054,1.791,1.914
8/15/14,-0.028,0.004,0.012,0.021,-0.01,-0.004,0.199,0.474,0.967,1.708,1.833
8/22/14,-0.005,0.011,0.01,0.017,0.01,0.004,0.223,0.527,0.987,1.698,1.818
8/29/14,-0.062,-0.025,-0.01,-0.011,-0.029,-0.019,0.174,0.452,0.888,1.602,1.728
9/5/14,-0.115,-0.078,-0.02,-0.061,-0.063,-0.033,0.193,0.44,0.934,1.723,1.888
9/12/14,-0.086,-0.069,-0.056,-0.049,-0.052,-0.01,0.241,0.536,1.086,1.804,1.975
9/19/14,-0.086,-0.03,-0.04,-0.03,-0.064,-0.024,0.206,0.498,1.045,1.795,1.963
9/26/14,-0.073,-0.056,-0.025,-0.049,-0.062,-0.038,0.17,0.438,0.968,1.695,1.858
10/3/14,-0.078,-0.068,-0.046,-0.049,-0.061,-0.037,0.169,0.423,0.932,1.633,1.806
10/10/14,-0.055,-0.067,0.017,-0.04,-0.05,-0.04,0.157,0.395,0.893,1.606,1.795
10/17/14,-0.055,-0.141,-0.072,-0.015,-0.039,-0.025,0.173,0.393,0.864,1.54,1.748
10/24/14,-0.092,-0.12,-0.037,-0.015,-0.037,-0.015,0.167,0.404,0.888,1.576,1.782
10/31/14,-0.127,-0.132,-0.058,-0.058,-0.054,-0.029,0.134,0.366,0.847,1.527,1.726
11/7/14,-0.091,-0.135,-0.081,-0.057,-0.057,-0.036,0.117,0.336,0.826,1.526,1.733
11/14/14,-0.095,-0.126,-0.078,-0.055,-0.044,-0.032,0.108,0.371,0.791,1.475,1.678
11/21/14,-0.078,-0.101,-0.072,-0.064,-0.036,-0.021,0.122,0.363,0.77,1.465,1.656
11/28/14,-0.092,-0.086,-0.058,-0.031,-0.032,-0.022,0.114,0.314,0.702,1.372,1.564
12/5/14,-0.1,-0.13,-0.058,-0.064,-0.011,-0.006,0.139,0.379,0.783,1.438,1.635
12/12/14,-0.111,-0.18,-0.078,-0.075,-0.043,-0.034,0.08,0.283,0.626,1.226,1.412
12/19/14,-0.114,-0.132,-0.073,-0.082,-0.083,-0.056,0.058,0.235,0.594,1.218,1.426
12/26/14,-0.13,-0.195,-0.064,-0.072,-0.097,-0.063,0.056,0.235,0.595,1.217,1.422
1/2/15,0.04,-0.118,-0.068,-0.076,-0.107,-0.094,-0.001,0.152,0.498,1.083,1.292
1/9/15,-0.18,-0.15,-0.102,-0.112,-0.124,-0.111,-0.002,0.142,0.481,0.988,1.207
1/16/15,-0.18,-0.185,-0.125,-0.167,-0.16,-0.149,-0.049,0.105,0.458,0.925,1.132
1/23/15,-0.145,-0.185,-0.117,-0.164,-0.168,-0.166,-0.02,0.062,0.366,0.824,1.026
1/30/15,-0.18,-0.172,-0.11,-0.143,-0.184,-0.172,-0.041,0.048,0.314,0.708,0.904
2/6/15,-0.149,-0.197,-0.143,-0.162,-0.204,-0.183,-0.034,0.081,0.374,0.744,0.916
2/13/15,-0.161,-0.208,-0.167,-0.173,-0.213,-0.194,-0.065,0.051,0.349,0.723,0.879
2/20/15,-0.203,-0.251,-0.163,-0.175,-0.218,-0.193,-0.067,0.055,0.372,0.844,1.018
2/27/15,-0.21,-0.213,-0.184,-0.186,-0.22,-0.21,-0.087,0.015,0.324,0.795,0.957
3/6/15,-0.264,-0.264,-0.206,-0.186,-0.204,-0.177,-0.05,0.079,0.4,0.818,0.951
3/13/15,-0.236,-0.242,-0.22,-0.186,-0.221,-0.209,-0.087,-0.002,0.259,0.566,0.685
3/20/15,-0.24,-0.269,-0.223,-0.188,-0.229,-0.218,-0.108,-0.039,0.186,0.493,0.598
3/27/15,-0.254,-0.247,-0.21,-0.215,-0.236,-0.212,-0.091,-0.013,0.209,0.519,0.619
4/3/15,-0.276,-0.238,-0.229,-0.232,-0.255,-0.222,-0.092,-0.016,0.183,0.5,0.604
4/10/15,-0.259,-0.271,-0.24,-0.253,-0.275,-0.247,-0.131,-0.048,0.156,0.495,0.609
4/17/15,-0.236,-0.31,-0.249,-0.265,-0.268,-0.25,-0.153,-0.079,0.079,0.346,0.453
4/24/15,-0.295,-0.32,-0.254,-0.261,-0.26,-0.223,-0.099,-0.01,0.157,0.462,0.585
5/1/15,-0.308,-0.372,-0.188,-0.248,-0.224,-0.154,0.008,0.152,0.363,0.69,0.832
5/8/15,-0.305,-0.374,-0.187,-0.231,-0.207,-0.145,0.058,0.265,0.545,0.958,1.093
5/15/15,-0.325,-0.379,-0.183,-0.217,-0.194,-0.138,0.089,0.331,0.64,1.102,1.241
5/22/15,-0.336,-0.272,-0.212,-0.156,-0.211,-0.164,0.062,0.301,0.603,1.069,1.215
5/29/15,-0.338,-0.272,-0.246,-0.248,-0.22,-0.195,0.001,0.193,0.486,0.947,1.075
6/5/15,-0.318,-0.273,-0.22,-0.211,-0.177,-0.117,0.172,0.457,0.85,1.357,1.49
6/12/15,-0.28,-0.269,-0.243,-0.238,-0.172,-0.1,0.169,0.469,0.852,1.39,1.532
6/19/15,-0.24,-0.258,-0.246,-0.243,-0.197,-0.146,0.108,0.403,0.76,1.305,1.436
6/26/15,-0.074,-0.112,-0.238,-0.235,-0.188,-0.109,0.17,0.513,0.92,1.545,1.69
7/3/15,-0.297,-0.279,-0.241,-0.249,-0.251,-0.196,0.131,0.377,0.794,1.43,1.585
7/10/15,-0.273,-0.333,-0.26,-0.25,-0.207,-0.128,0.215,0.473,0.894,1.473,1.622
7/17/15,-0.282,-0.334,-0.261,-0.261,-0.215,-0.174,0.127,0.338,0.79,1.303,1.462
7/24/15,-0.265,-0.33,-0.249,-0.254,-0.219,-0.193,0.081,0.275,0.703,1.201,1.364
7/31/15,-0.314,-0.282,-0.236,-0.244,-0.227,-0.212,0.047,0.231,0.647,1.114,1.322
8/7/15,-0.215,-0.284,-0.278,-0.241,-0.261,-0.231,0.028,0.212,0.659,1.167,1.381
8/14/15,-0.225,-0.288,-0.206,-0.254,-0.267,-0.228,0.036,0.219,0.658,1.135,1.329
8/21/15,-0.3,-0.274,-0.292,-0.237,-0.25,-0.215,-0.007,0.179,0.57,1.032,1.228
8/28/15,-0.264,-0.294,-0.206,-0.222,-0.205,-0.136,0.093,0.317,0.726,1.206,1.422
9/4/15,-0.207,-0.219,-0.206,-0.27,-0.235,-0.165,0.053,0.266,0.665,1.151,1.373
9/11/15,-0.276,-0.305,-0.309,-0.267,-0.221,-0.177,0.027,0.236,0.658,1.19,1.435
9/18/15,-0.257,-0.302,-0.29,-0.262,-0.232,-0.18,0.044,0.254,0.665,1.156,1.387
9/25/15,-0.248,-0.293,-0.303,-0.234,-0.236,-0.189,0.025,0.24,0.648,1.136,1.378
10/2/15,-0.311,-0.319,-0.303,-0.247,-0.268,-0.222,-0.046,0.134,0.517,1.004,1.246
10/9/15,-0.297,-0.301,-0.269,-0.248,-0.248,-0.199,0.014,0.21,0.622,1.143,1.373
10/16/15,-0.262,-0.224,-0.308,-0.282,-0.261,-0.216,-0.034,0.15,0.549,1.17,1.304
10/23/15,-0.259,-0.244,-0.297,-0.299,-0.313,-0.276,-0.096,0.086,0.508,1.14,1.279
10/30/15,-0.25,-0.375,-0.344,-0.299,-0.312,-0.276,-0.075,0.106,0.525,1.123,1.262
11/6/15,-0.342,-0.33,-0.339,-0.284,-0.283,-0.226,0.01,0.218,0.697,1.383,1.536
11/13/15,-0.343,-0.355,-0.386,-0.337,-0.359,-0.317,-0.101,0.094,0.562,1.265,1.416
11/20/15,-0.324,-0.33,-0.407,-0.346,-0.386,-0.348,-0.152,0.028,0.48,1.125,1.271
11/27/15,-0.414,-0.394,-0.395,-0.377,-0.414,-0.367,-0.192,0.058,0.455,1.14,1.293
12/4/15,-0.3,-0.281,-0.329,-0.282,-0.296,-0.214,-0.001,0.272,0.688,1.366,1.504
12/11/15,-0.392,-0.417,-0.33,-0.344,-0.347,-0.296,-0.108,0.144,0.542,1.213,1.34
12/18/15,-0.493,-0.469,-0.331,-0.365,-0.35,-0.298,-0.096,0.171,0.551,1.181,1.309
12/25/15,-0.499,-0.475,-0.332,-0.35,-0.334,-0.263,-0.038,0.239,0.628,1.317,1.451
1/1/16,-0.57,-0.604,-0.33,-0.374,-0.34,-0.271,-0.038,0.244,0.634,1.352,1.492
1/8/16,-0.485,-0.56,-0.46,-0.407,-0.389,-0.341,-0.136,0.14,0.509,1.239,1.376
1/15/16,-0.502,-0.473,-0.449,-0.377,-0.392,-0.34,-0.161,0.106,0.472,1.178,1.312
1/22/16,-0.474,-0.475,-0.457,-0.411,-0.443,-0.395,-0.228,0.043,0.486,1.129,1.269
1/29/16,-0.461,-0.395,-0.439,-0.449,-0.484,-0.439,-0.301,-0.075,0.335,0.925,1.059
2/5/16,-0.354,-0.406,-0.447,-0.452,-0.484,-0.431,-0.309,-0.091,0.301,0.881,1.019
2/12/16,-0.417,-0.369,-0.442,-0.483,-0.498,-0.447,-0.28,-0.127,0.265,0.8,0.94
2/19/16,-0.403,-0.439,-0.457,-0.51,-0.528,-0.479,-0.322,-0.172,0.206,0.771,0.914
2/26/16,-0.438,-0.56,-0.468,-0.484,-0.542,-0.5,-0.368,-0.227,0.146,0.714,0.851
3/4/16,-0.486,-0.542,-0.413,-0.495,-0.545,-0.509,-0.343,-0.174,0.24,0.859,1.008
3/11/16,-0.421,-0.526,-0.428,-0.411,-0.444,-0.434,-0.272,-0.119,0.28,0.879,1.031
3/18/16,-0.426,-0.535,-0.434,-0.424,-0.458,-0.458,-0.291,-0.159,0.218,0.768,0.913
3/25/16,-0.437,-0.531,-0.435,-0.458,-0.471,-0.464,-0.308,-0.189,0.179,0.716,0.868
4/1/16,-0.567,-0.56,-0.475,-0.459,-0.478,-0.469,-0.326,-0.212,0.145,0.652,0.797
4/8/16,-0.586,-0.601,-0.472,-0.491,-0.513,-0.521,-0.39,-0.247,0.097,0.6,0.756
4/15/16,-0.61,-0.6,-0.503,-0.512,-0.509,-0.51,-0.375,-0.222,0.134,0.649,0.812
4/22/16,-0.639,-0.538,-0.525,-0.54,-0.492,-0.478,-0.327,-0.147,0.232,0.789,0.959
4/29/16,-0.554,-0.559,-0.558,-0.528,-0.476,-0.462,-0.28,-0.096,0.28,0.84,1.019
5/6/16,-0.622,-0.544,-0.562,-0.542,-0.513,-0.521,-0.374,-0.214,0.146,0.667,0.848
5/13/16,-0.589,-0.535,-0.525,-0.516,-0.502,-0.516,-0.376,-0.221,0.129,0.65,0.835
5/20/16,-0.57,-0.551,-0.56,-0.519,-0.503,-0.5,-0.35,-0.185,0.173,0.702,0.889
5/27/16,-0.553,-0.545,-0.569,-0.538,-0.52,-0.499,-0.379,-0.215,0.143,0.672,0.856
6/3/16,-0.543,-0.551,-0.568,-0.514,-0.531,-0.525,-0.408,-0.269,0.074,0.566,0.747
6/10/16,-0.57,-0.62,-0.575,-0.529,-0.545,-0.526,-0.428,-0.299,0.021,0.425,0.588
6/17/16,-0.532,-0.585,-0.581,-0.541,-0.601,-0.588,-0.497,-0.332,0.018,0.404,0.579
6/24/16,-0.556,-0.578,-0.653,-0.623,-0.639,-0.62,-0.54,-0.39,-0.051,0.322,0.493
7/1/16,-0.739,-0.555,-0.659,-0.609,-0.649,-0.638,-0.561,-0.441,-0.129,0.222,0.393
7/8/16,-0.726,-0.732,-0.68,-0.644,-0.686,-0.695,-0.619,-0.49,-0.184,0.174,0.36
7/15/16,-0.698,-0.736,-0.623,-0.623,-0.641,-0.648,-0.552,-0.383,0.004,0.343,0.53
7/22/16,-0.714,-0.732,-0.611,-0.627,-0.613,-0.627,-0.486,-0.387,-0.026,0.3,0.491
7/29/16,-0.757,-0.737,-0.606,-0.623,-0.62,-0.656,-0.522,-0.458,-0.12,0.158,0.338
8/5/16,-0.819,-0.705,-0.6,-0.611,-0.613,-0.645,-0.518,-0.429,-0.068,0.245,0.432
8/12/16,-0.797,-0.787,-0.6,-0.619,-0.624,-0.653,-0.546,-0.463,-0.106,0.22,0.407
8/19/16,-0.802,-0.791,-0.599,-0.614,-0.613,-0.622,-0.496,-0.406,-0.034,0.288,0.471
8/26/16,-0.775,-0.808,-0.624,-0.583,-0.619,-0.639,-0.51,-0.436,-0.089,0.241,0.43
9/2/16,-0.775,-0.792,-0.624,-0.581,-0.632,-0.641,-0.497,-0.407,-0.039,0.334,0.535
9/9/16,-0.753,-0.724,-0.67,-0.583,-0.63,-0.628,-0.475,-0.369,0.017,0.402,0.616
9/16/16,-0.742,-0.732,-0.661,-0.594,-0.659,-0.651,-0.502,-0.399,0.003,0.407,0.632
9/23/16,-0.746,-0.729,-0.65,-0.612,-0.669,-0.675,-0.547,-0.451,-0.081,0.274,0.48
9/30/16,-0.755,-0.785,-0.656,-0.695,-0.682,-0.697,-0.571,-0.475,-0.117,0.238,0.449
10/7/16,-0.879,-0.843,-0.669,-0.683,-0.667,-0.661,-0.493,-0.372,0.027,0.42,0.656
10/14/16,-0.87,-0.857,-0.734,-0.732,-0.655,-0.652,-0.482,-0.353,0.056,0.454,0.68
10/21/16,-0.865,-0.854,-0.72,-0.706,-0.661,-0.662,-0.502,-0.386,0.004,0.396,0.614
10/28/16,-0.878,-0.748,-0.74,-0.7,-0.615,-0.594,-0.392,-0.255,0.165,0.578,0.803
11/4/16,-0.845,-0.744,-0.725,-0.694,-0.638,-0.624,-0.425,-0.291,0.133,0.523,0.734
11/11/16,-0.775,-0.761,-0.742,-0.696,-0.603,-0.579,-0.326,-0.156,0.306,0.723,0.943
11/18/16,-0.782,-0.763,-0.743,-0.712,-0.664,-0.626,-0.354,-0.16,0.282,0.694,0.905
11/25/16,-0.755,-0.774,-0.737,-0.728,-0.75,-0.717,-0.432,-0.21,0.238,0.683,0.892
12/2/16,-0.929,-0.854,-0.774,-0.788,-0.739,-0.675,-0.419,-0.118,0.283,0.739,0.951
12/9/16,-1.007,-0.909,-0.808,-0.801,-0.752,-0.705,-0.437,-0.083,0.357,0.911,1.152
12/16/16,-1.11,-0.916,-0.812,-0.809,-0.792,-0.73,-0.472,-0.123,0.314,0.83,1.055
12/23/16,-1.172,-0.92,-0.834,-0.823,-0.791,-0.742,-0.517,-0.175,0.226,0.704,0.921
12/30/16,-1.23,-0.93,-0.827,-0.845,-0.792,-0.752,-0.543,-0.197,0.207,0.715,0.951
1/6/17,-1.049,-0.679,-0.844,-0.72,-0.73,-0.684,-0.466,-0.102,0.306,0.821,1.073
1/13/17,-0.919,-0.911,-0.96,-0.707,-0.71,-0.682,-0.471,-0.146,0.338,0.824,1.088
1/20/17,-0.845,-0.81,-0.878,-0.611,-0.668,-0.645,-0.414,-0.076,0.424,0.933,1.2
1/27/17,-0.834,-0.833,-0.875,-0.629,-0.66,-0.622,-0.364,-0.022,0.461,0.935,1.187
2/3/17,-0.814,-0.776,-0.849,-0.762,-0.738,-0.718,-0.349,-0.077,0.414,0.913,1.173
2/10/17,-0.809,-0.793,-0.85,-0.825,-0.784,-0.77,-0.438,-0.17,0.32,0.839,1.11
2/17/17,-0.832,-0.832,-0.877,-0.83,-0.819,-0.785,-0.465,-0.199,0.297,0.812,1.082
2/24/17,-0.878,-0.938,-0.883,-0.93,-0.949,-0.924,-0.595,-0.32,0.186,0.683,0.947
3/3/17,-0.834,-0.891,-0.877,-0.818,-0.805,-0.704,-0.418,-0.154,0.355,0.883,1.151
3/10/17,-1.032,-0.934,-0.945,-0.902,-0.81,-0.671,-0.29,-0.01,0.491,0.994,1.269
3/17/17,-1.012,-0.969,-0.912,-0.829,-0.753,-0.666,-0.332,-0.065,0.431,0.901,1.175
3/24/17,-1.405,-0.962,-0.911,-0.785,-0.733,-0.612,-0.308,-0.062,0.412,0.879,1.151
3/31/17,-1.16,-0.884,-0.887,-0.714,-0.741,-0.642,-0.375,-0.149,0.33,0.834,1.11
4/7/17,-0.786,-0.863,-0.867,-0.811,-0.804,-0.736,-0.485,-0.207,0.233,0.73,1.003
4/14/17,-0.828,-0.752,-0.797,-0.812,-0.857,-0.794,-0.517,-0.242,0.194,0.659,0.926
4/21/17,-0.795,-0.841,-0.801,-0.78,-0.77,-0.718,-0.44,-0.177,0.253,0.694,0.965
4/28/17,-0.861,-0.897,-0.805,-0.708,-0.731,-0.672,-0.386,-0.104,0.327,0.816,1.102
5/5/17,-0.834,-0.902,-0.785,-0.707,-0.676,-0.612,-0.296,-0.014,0.414,0.909,1.195
5/12/17,-0.893,-0.915,-0.73,-0.704,-0.673,-0.62,-0.325,-0.038,0.394,0.902,1.191
5/19/17,-0.849,-0.909,-0.718,-0.695,-0.684,-0.627,-0.346,-0.062,0.374,0.911,1.2
5/26/17,-0.889,-0.907,-0.723,-0.716,-0.685,-0.66,-0.388,-0.101,0.334,0.864,1.157
6/2/17,-0.873,-0.889,-0.722,-0.767,-0.722,-0.681,-0.451,-0.154,0.269,0.827,1.124
6/9/17,-0.878,-0.906,-0.74,-0.737,-0.73,-0.678,-0.45,-0.155,0.262,0.833,1.128
6/16/17,-0.845,-0.877,-0.727,-0.702,-0.684,-0.618,-0.405,-0.14,0.278,0.827,1.105
6/23/17,-0.908,-0.826,-0.733,-0.697,-0.61,-0.587,-0.381,-0.133,0.256,0.787,1.057
6/30/17,-0.857,-0.747,-0.738,-0.673,-0.569,-0.492,-0.223,0.057,0.47,0.988,1.247
7/7/17,-0.878,-0.805,-0.716,-0.677,-0.598,-0.497,-0.089,0.159,0.569,1.103,1.363
7/14/17,-0.914,-0.757,-0.692,-0.676,-0.608,-0.508,-0.096,0.138,0.595,1.073,1.329
7/21/17,-0.922,-0.734,-0.699,-0.669,-0.643,-0.546,-0.176,0.061,0.503,1.003,1.276
7/28/17,-0.842,-0.737,-0.684,-0.683,-0.686,-0.574,-0.175,0.078,0.543,1.046,1.321
8/4/17,-0.912,-0.734,-0.709,-0.676,-0.675,-0.606,-0.217,0.023,0.479,0.953,1.224
8/11/17,-0.89,-0.734,-0.71,-0.703,-0.717,-0.643,-0.3,-0.064,0.384,0.846,1.123
8/18/17,-0.701,-0.711,-0.727,-0.686,-0.701,-0.632,-0.262,-0.035,0.413,0.874,1.16
8/25/17,-0.626,-0.746,-0.739,-0.716,-0.731,-0.658,-0.31,-0.076,0.383,0.852,1.146
9/1/17,-0.744,-0.749,-0.755,-0.744,-0.729,-0.664,-0.335,-0.096,0.379,0.864,1.161
9/8/17,-0.741,-0.74,-0.795,-0.771,-0.754,-0.703,-0.382,-0.141,0.316,0.818,1.113
9/15/17,-0.734,-0.734,-0.808,-0.725,-0.688,-0.627,-0.274,-0.026,0.437,0.935,1.229
9/22/17,-0.734,-0.731,-0.822,-0.72,-0.685,-0.61,-0.256,-0.01,0.451,0.944,1.232
9/29/17,-0.777,-0.73,-0.846,-0.732,-0.682,-0.628,-0.268,-0.012,0.461,0.963,1.245
10/6/17,-0.715,-0.824,-0.849,-0.724,-0.697,-0.625,-0.261,-0.01,0.461,0.973,1.246
10/13/17,-0.759,-0.825,-0.857,-0.746,-0.724,-0.66,-0.314,-0.064,0.402,0.927,1.206
10/20/17,-0.759,-0.824,-0.852,-0.741,-0.718,-0.637,-0.273,-0.019,0.453,0.981,1.258
10/27/17,-0.854,-0.84,-0.75,-0.763,-0.766,-0.638,-0.351,-0.086,0.386,0.941,1.283
11/3/17,-0.845,-0.83,-0.753,-0.75,-0.752,-0.636,-0.348,-0.089,0.366,0.903,1.239
11/10/17,-0.738,-0.884,-0.759,-0.737,-0.749,-0.624,-0.324,-0.051,0.412,0.965,1.303
11/17/17,-0.679,-0.909,-0.774,-0.752,-0.709,-0.637,-0.348,-0.08,0.364,0.911,1.248
11/24/17,-0.6,-0.984,-0.799,-0.713,-0.7,-0.611,-0.325,-0.062,0.37,0.882,1.196
12/1/17,-0.454,-0.921,-0.75,-0.741,-0.711,-0.629,-0.319,-0.11,0.307,0.802,1.115
12/8/17,-1.335,-1.02,-0.786,-0.769,-0.745,-0.639,-0.371,-0.114,0.31,0.818,1.137
12/15/17,-1.584,-1.046,-0.892,-0.816,-0.721,-0.612,-0.336,-0.09,0.304,0.796,1.101
12/22/17,-2.245,-1.102,-0.888,-0.755,-0.644,-0.51,-0.216,0.029,0.418,0.924,1.237
12/29/17,-1.018,-0.803,-0.826,-0.714,-0.633,-0.503,-0.204,0.032,0.424,0.941,1.257
1/5/18,-0.774,-0.701,-0.707,-0.641,-0.61,-0.49,-0.208,0.047,0.44,0.955,1.276
1/12/18,-0.703,-0.711,-0.707,-0.626,-0.561,-0.419,-0.108,0.146,0.528,1.022,1.329
1/19/18,-0.742,-0.707,-0.71,-0.624,-0.603,-0.457,-0.152,0.125,0.566,1.005,1.321
1/26/18,-0.698,-0.694,-0.695,-0.612,-0.545,-0.389,-0.042,0.212,0.624,1.003,1.288
2/2/18,-0.74,-0.687,-0.701,-0.623,-0.541,-0.353,0.017,0.316,0.759,1.13,1.398
2/9/18,-0.722,-0.693,-0.701,-0.627,-0.571,-0.38,-0.005,0.309,0.749,1.114,1.357
2/16/18,-0.726,-0.702,-0.636,-0.619,-0.515,-0.396,0.074,0.34,0.702,1.101,1.35
2/23/18,-0.626,-0.697,-0.628,-0.616,-0.526,-0.417,0.039,0.301,0.655,1.055,1.313
3/2/18,-0.597,-0.695,-0.644,-0.646,-0.539,-0.432,0.014,0.285,0.646,1.051,1.296
3/9/18,-0.784,-0.734,-0.694,-0.661,-0.547,-0.372,0.036,0.293,0.651,1.054,1.302
3/16/18,-0.914,-0.8,-0.678,-0.661,-0.58,-0.414,-0.038,0.215,0.57,0.978,1.218
3/23/18,-0.806,-0.756,-0.683,-0.656,-0.593,-0.438,-0.072,0.173,0.53,0.922,1.171
3/30/18,-0.761,-0.782,-0.676,-0.658,-0.595,-0.462,-0.104,0.138,0.494,0.901,1.154
4/6/18,-0.71,-0.784,-0.691,-0.638,-0.581,-0.447,-0.101,0.139,0.497,0.906,1.158
4/13/18,-0.753,-0.692,-0.659,-0.639,-0.564,-0.441,-0.086,0.152,0.515,0.926,1.184
4/20/18,-0.742,-0.685,-0.658,-0.653,-0.555,-0.42,-0.035,0.214,0.589,0.997,1.258
4/27/18,-0.748,-0.678,-0.658,-0.649,-0.568,-0.422,-0.048,0.198,0.567,0.969,1.234
5/4/18,-0.665,-0.636,-0.626,-0.621,-0.566,-0.437,-0.07,0.176,0.545,0.964,1.234
5/11/18,-0.69,-0.615,-0.632,-0.612,-0.569,-0.434,-0.057,0.193,0.562,0.976,1.247
5/18/18,-0.53,-0.62,-0.623,-0.638,-0.578,-0.436,-0.056,0.21,0.576,0.999,1.28
5/25/18,,-0.617,-0.615,-0.651,-0.657,-0.552,-0.214,0.041,0.408,0.846,1.133
6/1/18,,-0.615,-0.614,-0.653,-0.65,-0.558,-0.228,0.019,0.377,0.78,1.067
6/8/18,,-0.633,-0.602,-0.666,-0.678,-0.55,-0.201,0.063,0.449,0.863,1.132
6/15/18,,-0.63,-0.615,-0.658,-0.65,-0.538,-0.227,0.027,0.405,0.871,1.168
6/22/18,,-0.562,-0.61,-0.664,-0.696,-0.594,-0.299,-0.05,0.333,0.817,1.118
6/29/18,,-0.589,-0.56,-0.653,-0.679,-0.591,-0.298,-0.061,0.308,0.734,1.025
7/6/18,,-0.654,-0.62,-0.67,-0.678,-0.591,-0.298,-0.068,0.289,0.714,1
7/13/18,,-0.62,-0.608,-0.663,-0.655,-0.581,-0.308,-0.074,0.283,0.719,1.013
7/20/18,-0.612,-0.633,-0.608,-0.67,-0.625,-0.503,-0.249,0.006,0.373,0.75,1.041
7/27/18,-0.638,-0.593,-0.6,-0.677,-0.613,-0.483,-0.222,0.037,0.409,0.776,1.064
8/3/18,-0.597,-0.591,-0.596,-0.641,-0.594,-0.473,-0.215,0.042,0.408,0.773,1.062
8/10/18,-0.7,-0.577,-0.588,-0.657,-0.65,-0.533,-0.301,-0.043,0.323,0.693,0.984
8/17/18,-0.605,-0.632,-0.638,-0.656,-0.624,-0.549,-0.326,-0.064,0.305,0.677,0.968
8/24/18,-0.605,-0.622,-0.64,-0.631,-0.61,-0.502,-0.271,-0.018,0.344,0.719,1.011
8/31/18,-0.61,-0.582,-0.626,-0.625,-0.622,-0.513,-0.279,-0.028,0.332,0.707,1.006
9/7/18,-0.629,-0.572,-0.617,-0.605,-0.565,-0.465,-0.222,0.025,0.391,0.765,1.064
9/14/18,-0.571,-0.538,-0.578,-0.581,-0.55,-0.438,-0.176,0.076,0.45,0.817,1.113
9/21/18,-0.602,-0.615,-0.617,-0.591,-0.551,-0.431,-0.161,0.092,0.461,0.835,1.122
9/28/18,-0.472,-0.574,-0.614,-0.597,-0.545,-0.411,-0.132,0.127,0.474,0.822,1.085
10/5/18,-0.631,-0.574,-0.625,-0.594,-0.539,-0.395,-0.07,0.202,0.564,0.913,1.18
10/12/18,-0.605,-0.675,-0.669,-0.624,-0.591,-0.451,-0.139,0.136,0.498,0.861,1.126
10/19/18,-0.58,-0.74,-0.704,-0.678,-0.639,-0.5,-0.156,0.07,0.434,0.792,1.057
10/26/18,-0.59,-0.812,-0.715,-0.71,-0.669,-0.542,-0.22,-0.009,0.35,0.727,0.99
11/2/18,-0.641,-0.794,-0.719,-0.665,-0.642,-0.51,-0.165,0.058,0.436,0.804,1.076
11/9/18,-0.587,-0.722,-0.69,-0.644,-0.629,-0.506,-0.175,0.046,0.41,0.78,1.049
11/16/18,-0.542,-0.728,-0.686,-0.662,-0.651,-0.536,-0.224,0,0.374,0.759,1.037
11/23/18,-0.552,-0.757,-0.676,-0.6627,-0.636,-0.533,-0.238,-0.025,0.339,0.719,1
11/30/18,-0.56,-0.749,-0.686,-0.653,-0.597,-0.55,-0.27,-0.062,0.309,0.71,0.979
12/7/18,-0.818,-0.735,-0.674,-0.632,-0.598,-0.5232,-0.2835,-0.043,0.253,0.6226,0.882
12/14/18,-0.87,-0.68,-0.672,-0.627,-0.604,-0.533,-0.275,-0.045,0.255,0.628,0.887
12/21/18,-0.945,-0.927,-0.753,-0.622,-0.608,-0.529,-0.255,-0.036,0.254,0.624,0.873
12/28/18,-0.79,-1.001,-0.681,-0.619,-0.607,-0.542,-0.272,-0.048,0.242,0.615,0.878
1/4/19,-0.595,-0.609,-0.605,-0.592,-0.603,-0.562,-0.316,-0.09,0.208,0.589,0.858
1/11/19,-0.555,-0.595,-0.556,-0.587,-0.588,-0.537,-0.323,-0.099,0.182,0.567,0.838
1/18/19,-0.538,-0.578,-0.535,-0.572,-0.585,-0.534,-0.303,-0.078,0.262,0.604,0.87
1/25/19,-0.542,-0.575,-0.528,-0.563,-0.576,-0.532,-0.327,-0.124,0.198,0.518,0.781
2/1/19,-0.507,-0.549,-0.514,-0.536,-0.582,-0.542,-0.352,-0.151,0.166,0.498,0.775
2/8/19,-0.349,-0.539,-0.475,-0.513,-0.585,-0.552,-0.406,-0.222,0.085,0.425,0.7
2/15/19,-0.519,-0.538,-0.577,-0.55,-0.562,-0.531,-0.384,-0.209,0.103,0.446,0.721
2/22/19,-0.53,-0.558,-0.604,-0.565,-0.564,-0.537,-0.381,-0.209,0.098,0.447,0.72
3/1/19,-0.54,-0.493,-0.537,-0.537,-0.528,-0.48,-0.306,-0.126,0.187,0.546,0.82
3/8/19,-0.555,-0.551,-0.559,-0.551,-0.533,-0.528,-0.376,-0.219,0.074,0.438,0.716
3/15/19,-0.506,-0.515,-0.515,-0.549,-0.533,-0.528,-0.371,-0.209,0.089,0.46,0.749
3/22/19,-0.514,-0.559,-0.514,-0.576,-0.567,-0.57,-0.434,-0.295,-0.025,0.318,0.593
3/29/19,-0.552,-0.543,-0.56,-0.561,-0.602,-0.6123,-0.4866,-0.3411,-0.071,0.2762,0.573
4/5/19,-0.48,-0.492,-0.516,-0.551,-0.567,-0.587,-0.442,-0.281,0.004,0.346,0.637
4/12/19,-0.495,-0.55,-0.493,-0.535,-0.573,-0.538,-0.374,-0.241,0.055,0.485,0.705
4/19/19,-0.533,-0.545,-0.494,-0.554,-0.592,-0.551,-0.394,-0.267,0.024,0.463,0.681
4/26/19,-0.544,-0.558,-0.51,-0.559,-0.605,-0.582,-0.435,-0.31,-0.018,0.415,0.63
5/3/19,-0.506,-0.529,-0.514,-0.562,-0.602,-0.582,-0.416,-0.28,0.02,0.453,0.666
5/10/19,-0.515,-0.57,-0.519,-0.572,-0.626,-0.626,-0.472,-0.343,-0.048,0.393,0.608
5/17/19,-0.561,-0.563,-0.518,-0.562,-0.646,-0.652,-0.514,-0.39,-0.105,0.329,0.541
5/24/19,-0.457,-0.559,-0.517,-0.57,-0.631,-0.643,-0.518,-0.398,-0.117,0.324,0.539
5/31/19,-0.566,-0.557,-0.524,-0.592,-0.662,-0.68,-0.581,-0.469,-0.201,0.223,0.429
6/7/19,-0.507,-0.56,-0.513,-0.591,-0.658,-0.679,-0.604,-0.51,-0.255,0.133,0.329
6/14/19,-0.49,-0.561,-0.528,-0.604,-0.69,-0.697,-0.604,-0.507,-0.256,0.126,0.32
6/21/19,-0.569,-0.526,-0.576,-0.683,-0.72,-0.734,-0.629,-0.532,-0.281,0.09,0.294
6/28/19,-0.571,-0.525,-0.591,-0.666,-0.742,-0.763,-0.663,-0.57,-0.326,0.057,0.266
7/5/19,-0.56,-0.544,-0.601,-0.683,-0.74,-0.768,-0.677,-0.587,-0.359,0.034,0.245
7/12/19,-0.556,-0.538,-0.608,-0.668,-0.716,-0.727,-0.614,-0.502,-0.245,0.162,0.388
7/19/19,-0.555,-0.546,-0.594,-0.694,-0.771,-0.782,-0.694,-0.569,-0.322,0.052,0.275
7/26/19,-0.476,-0.522,-0.603,-0.666,-0.748,-0.772,-0.705,-0.606,-0.377,-0.015,0.206
8/2/19,-0.555,-0.538,-0.617,-0.717,-0.788,-0.814,-0.763,-0.689,-0.49,-0.19,0.019
8/9/19,-0.555,-0.546,-0.632,-0.764,-0.865,-0.905,-0.856,-0.78,-0.58,-0.284,-0.071
8/16/19,-0.602,-0.69,-0.725,-0.84,-0.9,-0.953,-0.918,-0.859,-0.68,-0.412,-0.219
8/23/19,-0.587,-0.709,-0.73,-0.821,-0.878,-0.921,-0.913,-0.85,-0.672,-0.36,-0.151
8/30/19,-0.623,-0.732,-0.751,-0.851,-0.921,-0.958,-0.949,-0.885,-0.707,-0.416,-0.218
9/6/19,-0.646,-0.701,-0.754,-0.765,-0.846,-0.909,-0.893,-0.824,-0.633,-0.328,-0.111
9/13/19,-0.577,-0.654,-0.623,-0.645,-0.698,-0.764,-0.722,-0.65,-0.453,-0.129,0.091
9/20/19,-0.58,-0.647,-0.623,-0.673,-0.706,-0.752,-0.733,-0.688,-0.52,-0.242,-0.038
9/27/19,-0.586,-0.593,-0.62,-0.719,-0.756,-0.795,-0.792,-0.738,-0.577,-0.32,-0.121
10/4/19,-0.556,-0.597,-0.623,-0.684,-0.757,-0.827,-0.812,-0.755,-0.587,-0.31,-0.104
10/11/19,-0.56,-0.589,-0.609,-0.637,-0.714,-0.771,-0.712,-0.635,-0.438,-0.138,0.081
10/18/19,-0.567,-0.584,-0.6,-0.628,-0.662,-0.711,-0.647,-0.577,-0.386,-0.09,0.117
10/25/19,-0.572,-0.589,-0.62,-0.636,-0.657,-0.693,-0.628,-0.557,-0.375,-0.081,0.123
11/1/19,-0.58,-0.592,-0.617,-0.618,-0.658,-0.69,-0.632,-0.558,-0.377,-0.081,0.128
11/8/19,-0.566,-0.579,-0.605,-0.587,-0.617,-0.641,-0.549,-0.461,-0.266,0.024,0.234
11/15/19,-0.534,-0.606,-0.592,-0.635,-0.624,-0.669,-0.593,-0.515,-0.332,-0.051,0.155
11/22/19,-0.534,-0.583,-0.59,-0.624,-0.633,-0.664,-0.601,-0.531,-0.359,-0.078,0.126
11/29/19,-0.58,-0.621,-0.579,-0.615,-0.628,-0.654,-0.593,-0.524,-0.354,-0.075,0.125
12/6/19,-0.58,-0.675,-0.607,-0.621,-0.664,-0.631,-0.565,-0.453,-0.291,0.004,0.228
12/13/19,-0.679,-0.707,-0.644,-0.643,-0.628,-0.624,-0.54,-0.448,-0.294,-0.005,0.241
12/20/19,-0.756,-0.719,-0.641,-0.655,-0.634,-0.621,-0.519,-0.409,-0.246,0.053,0.282
12/27/19,-0.703,-0.745,-0.635,-0.659,-0.64,-0.602,-0.525,-0.417,-0.256,0.049,0.283
1/3/20,-0.598,-0.617,-0.604,-0.591,-0.619,-0.619,-0.556,-0.448,-0.283,0.015,0.249
1/10/20,-0.579,-0.622,-0.56,-0.558,-0.602,-0.586,-0.503,-0.391,-0.23,0.092,0.319
1/17/20,-0.555,-0.578,-0.561,-0.583,-0.593,-0.59,-0.517,-0.405,-0.214,0.073,0.301
1/24/20,-0.546,-0.57,-0.55,-0.592,-0.611,-0.632,-0.584,-0.495,-0.33,-0.042,0.186
1/31/20,-0.535,-0.59,-0.583,-0.607,-0.674,-0.707,-0.647,-0.599,-0.442,-0.171,0.058
2/7/20,-0.51,-0.568,-0.582,-0.587,-0.635,-0.659,-0.598,-0.543,-0.382,-0.093,0.139
2/14/20,-0.57,-0.575,-0.578,-0.606,-0.655,-0.67,-0.616,-0.563,-0.4,-0.116,0.119
2/21/20,-0.577,-0.565,-0.568,-0.616,-0.641,-0.664,-0.619,-0.579,-0.433,-0.177,0.043
2/28/20,-0.59,-0.616,-0.617,-0.716,-0.774,-0.799,-0.767,-0.739,-0.612,-0.365,-0.155
3/6/20,-0.614,-0.634,-0.68,-0.753,-0.872,-0.904,-0.875,-0.856,-0.728,-0.506,-0.306
3/13/20,-0.653,-0.734,-0.814,-0.831,-0.915,-0.952,-0.787,-0.757,-0.585,-0.44,-0.252
3/20/20,-0.67,-0.726,-0.751,-0.665,-0.685,-0.671,-0.531,-0.505,-0.339,-0.212,-0.014
3/27/20,-0.57,-0.674,-0.714,-0.674,-0.695,-0.714,-0.654,-0.626,-0.485,-0.231,-0.035
4/3/20,-0.678,-0.65,-0.669,-0.604,-0.658,-0.671,-0.612,-0.582,-0.435,-0.221,-0.04
4/10/20,-0.683,-0.699,-0.553,-0.605,-0.632,-0.629,-0.565,-0.507,-0.342,-0.097,0.066
4/17/20,-0.652,-0.638,-0.559,-0.542,-0.706,-0.7,-0.663,-0.626,-0.479,-0.23,-0.067
4/24/20,-0.592,-0.56,-0.557,-0.544,-0.705,-0.714,-0.665,-0.629,-0.47,-0.246,-0.084
5/1/20,-0.595,-0.552,-0.551,-0.545,-0.759,-0.788,-0.758,-0.73,-0.586,-0.366,-0.174
5/8/20,-0.604,-0.549,-0.553,-0.566,-0.78,-0.797,-0.754,-0.696,-0.532,-0.236,-0.065
5/15/20,-0.563,-0.499,-0.539,-0.572,-0.732,-0.746,-0.724,-0.634,-0.527,-0.261,-0.091
5/22/20,-0.566,-0.502,-0.535,-0.581,-0.677,-0.691,-0.675,-0.591,-0.488,-0.216,-0.045
5/29/20,-0.49,-0.504,-0.544,-0.579,-0.656,-0.656,-0.639,-0.548,-0.447,-0.163,0.007
6/5/20,-0.555,-0.575,-0.542,-0.571,-0.597,-0.597,-0.54,-0.405,-0.27,0.061,0.265
