Date,IN3MT=RR,IN6MT=RR,IN1YT=RR,IN2YT=RR,IN3YT=RR,IN5YT=RR,IN7YT=RR,IN10YT=RR,IN30YT=RR
1/5/01,9.2,9.4,9.754,9.826,9.91,10.098,10.36,10.674,
1/12/01,9.65,9.75,9.832,9.94,9.911015,10.082,10.352,10.652,
1/19/01,9.4,9.6,9.761,9.793,9.847,10.033,10.248,10.531,
1/26/01,9.3,9.4,9.73,9.551,9.666,9.873,10.131,10.473,
2/2/01,9.35,9.4,9.67,9.563,9.671,9.876,10.185,10.464,
2/9/01,8.9,9.1,9.354,9.44,9.51,9.831,9.964804,10.298,
2/16/01,9.25,9.35,9.434,9.552,9.51,9.932,10.005341,10.326,
2/23/01,8.55,8.65,9.184,9.338,9.369,9.629,9.904984,10.303,
3/2/01,8,8.35,8.786,8.956,9.078,9.398,9.705083,10.06,
3/9/01,7.9,8.1,8.898,9.018,9.079,9.44,9.692294,10.192,
3/16/01,8.2,8.7,9.036,9.156,9.246,9.668,9.843126,10.44,
3/23/01,8.25,8.6,9.059,9.174,9.264,9.657,9.892889,10.386,
3/30/01,8.65,8.8,9.03,9.133,9.155,9.507,9.823351,10.37,
4/6/01,8.5,8.6,8.99,9.124,9.151,9.599,9.880409,10.438,
4/13/01,8.2,8.75,8.994,9.077,9.121,9.523,9.803178,10.359,
4/20/01,8.1,8.5,8.921,8.981,9.042,9.434,9.759076,10.316,
4/27/01,7.95,8.35,8.874,8.938,8.991,9.326,9.704484,10.1,
5/4/01,7.75,8.15,8.81,8.9,8.993,9.283,9.697541,10.076,
5/11/01,8.85,8.4,8.761,8.867,8.957,9.199,9.610068,10.033,
5/18/01,8.2,8.3,8.768,8.839,8.92,9.142,9.533745,9.955,
5/25/01,7.9,8.25,8.642,8.747,8.868,9.099,9.49574,9.917,
6/1/01,7.2,7.4,8.409,8.582,8.734,8.933,9.440059,9.804,
6/8/01,8,8.15,8.506,8.674,8.77,9.05,9.520553,9.89,
6/15/01,7.55,7.8,8.337,8.502,8.638,8.896,9.376815,9.75,
6/22/01,7.35,7.7,8.12,8.34,8.463,8.722,9.205066,9.632,
6/29/01,7.3,7.5,7.968,8.085,8.157,8.432,8.986479,9.522,
7/6/01,7.15,7.4,7.66,7.73,7.804,8.058,8.699969,9.407,
7/13/01,7.2,7.4,7.515,7.727,7.838,8.169,8.695419,9.483,
7/20/01,7.15,7.2,7.347,7.461,7.653,7.983,8.516303,9.343,
7/27/01,7.15,7.3,7.342,7.479,7.608,7.984,8.553296,9.338,
8/3/01,7.15,7.24,7.318,7.428,7.555,7.976,8.552763,9.348,
8/10/01,7,7.14,7.216,7.296,7.41,7.865,8.457313,9.267,
8/17/01,6.98,7.12,7.2,7.269,7.367,7.768,8.419401,9.222,
8/24/01,6.96,7.1,7.132,7.215,7.279,7.631,8.308532,9.087,
8/31/01,6.89,6.98,7.052,7.122,7.225,7.513,8.274591,9.114,
9/7/01,6.95,7.1,7.203,7.308,7.377,7.618,8.288831,9.175,
9/14/01,7.08,7.18,7.444,7.493,7.771,8.01,8.436352,9.464,
9/21/01,7.3,7.5,8.111,8.145,8.439,8.548,8.831785,9.714,
9/28/01,7.25,7.3,7.302,7.339,7.345,7.662,8.362188,9.116,
10/5/01,6.88,7.06,7.154,7.173,7.212,7.512,8.276775,9.113,
10/12/01,7.05,7.1,7.184,7.229,7.284,7.564,8.314321,9.139,
10/19/01,7.1,7.15,7.239,7.236,7.239,7.521,8.255137,9.119,
10/26/01,6.7,6.75,6.914,7.023,7.028,7.32,8.01703,8.904,
11/2/01,6.72,6.83,6.904,6.985,6.946,7.257,7.840632,8.769,
11/9/01,6.7,6.75,6.832,6.895,6.962,7.353,7.904357,8.705,
11/16/01,6.7,6.8,6.898,6.913,6.945,7.334,7.860246,8.636,
11/23/01,6.72,6.77,6.821,6.842,6.908,7.166,7.512342,8.159,
11/30/01,6.6,6.65,6.76,6.764,6.833173,7.01,7.328102,7.88,
12/7/01,6.75,6.82,6.922,6.902,7.088,7.212,7.599578,8.157,
12/14/01,6.65,6.75,6.955,6.961,6.976,7.276,7.480712,7.938,
12/21/01,6.77,6.81,6.917,6.975,7.122,7.379,7.588077,8.058,
12/28/01,7.25,7.35,7.328,7.399,7.357,7.61,7.85584,8.203,
1/4/02,6.86,6.93,7.038,7.109,7.102,7.31,7.505187,7.912,
1/11/02,6.77,6.87,7.016,7.051,7.098,7.322,7.528715,7.956,
1/18/02,6.75,6.8,6.93,6.967,6.998338,7.197,7.450294,7.847,
1/25/02,6.6,6.65,6.752,6.869,6.962,7.161,7.573904,7.769,
2/1/02,6.57,6.6,6.602,6.732,6.806,6.962,7.388661,7.652,
2/8/02,6.4,6.4,6.437,6.459,6.498,6.626,7.018091,7.388,
2/15/02,6.4,6.4,6.418,6.416,6.557,6.711,7.024802,7.269,
2/22/02,6.3,6.35,6.497,6.595,6.61,6.808,7.344081,7.383,
3/1/02,6.45,6.55,6.47,6.98,6.739668,7.142,7.424791,7.588578,
3/8/02,6.05,6.07,6.326,6.447,6.62,6.992,7.421132,7.621,
3/15/02,6.15,6.22,6.247,6.413,6.537,6.833,7.19898,7.399,
3/22/02,6.09,6.13,6.136,6.308,6.447,6.738,7.261964,7.462,
3/29/02,6.09,6.13,6.141,6.292,6.362,6.654,7.16782,7.428,
4/5/02,6.04,6.09,6.155,6.181,6.256,6.507,6.90348,7.161,
4/12/02,6.06,6.11,6.093,6.191,6.315,6.589,7.063277,7.266,
4/19/02,6,6.05,6.163,6.222,6.378,6.673,7.13277,7.335,
4/26/02,6.01,6.1,6.214,6.222,6.361,6.658,7.123159,7.294,
5/3/02,6.25,6.3,6.333,6.395,6.584,6.926,7.3789,7.541,
5/10/02,6.25,6.35,6.658,6.661,6.85,7.157,7.524898,7.718,
5/17/02,6.75,6.8,6.895,6.982,7.237,7.394,7.983237,7.999,
5/24/02,6.8,6.85,6.921,6.986,7.086,7.25,7.747876,7.78,
5/31/02,6.6,6.7,6.747,6.893,7.018,7.209,7.696649,7.723,
6/7/02,6.3,6.4,6.747,6.903,7.057,7.311,7.732322,7.75,
6/14/02,6.45,6.55,6.785,6.889,7.06,7.264,7.766052,7.639,
6/21/02,6.45,6.55,6.735,6.892,7.039,7.293,7.786522,7.651,
6/28/02,5.9,6.1,6.215,6.495,6.682,7.027,7.497646,7.485,
7/5/02,5.9,6,6.336,6.544,6.676,6.958,7.410633,7.422,
7/12/02,5.74,5.91,6.162,6.336,6.518,6.78,7.280685,7.39,
7/19/02,5.84,6.01,6.05,6.315,6.436,6.71,7.142948,7.33,
7/26/02,5.87,5.97,5.99,6.281,6.391,6.654,7.056395,7.3,
8/2/02,5.86,5.95,6.078,6.25,6.36,6.61,7.010509,7.264,
8/9/02,5.85,5.95,6.076,6.215,6.331,6.566,6.940293,7.228,
8/16/02,5.86,6,6.074,6.217,6.297634,6.538,6.94525,7.202,
8/23/02,5.86,5.95,6.008,6.143,6.238,6.489,6.920713,7.18,
8/30/02,5.78,5.9,5.937,6.042,6.158,6.417,6.804389,7.159,
9/6/02,5.75,5.85,5.92,5.969,6.074,6.348,6.75329,7.177,
9/13/02,5.74,5.82,5.931,5.929,6.055,6.335,6.72843,7.167,
9/20/02,5.78,5.83,5.906,5.934,6.06,6.333,6.726428,7.175,
9/27/02,5.8,5.85,5.823,5.924,6.048,6.311,6.70803,7.165,
10/4/02,5.78,5.82,5.734,5.931,6.035,6.254,6.656734,7.125,
10/11/02,5.78,5.8,5.751,5.953,5.991,6.223,6.628431,7.087,
10/18/02,5.74,5.78,5.658,5.926,5.964,6.199,6.592945,7.035,
10/25/02,5.75,5.79,5.69,5.956,6.005,6.223,6.630715,7.059,
11/1/02,5.54,5.57,5.69,5.805,5.887,6.152,6.536579,6.92,
11/8/02,5.55,5.58,5.464,5.848,5.925,6.129,6.491801,6.83,
11/15/02,5.53,5.56,5.543,5.739,5.842,6.039,6.252151,6.623,
11/22/02,5.47,5.5,5.315,5.605,5.754,5.93,6.215298,6.441,
11/29/02,5.12,5.19,5.368,5.527,5.702,5.99,6.153926,6.454,
12/6/02,5.4,5.4,5.485,5.538,5.631,5.891,6.157608,6.376,
12/13/02,5.45,5.5,5.525,5.642,5.653,5.838,6.171166,6.362,
12/20/02,5.49,5.52,5.67,5.717,5.657,5.826,6.07015,6.312,
12/27/02,5.47,5.49,5.729,5.646,5.668,5.803,6.034422,6.215,
1/3/03,5.35,5.38,5.52,5.559,5.635,5.721,5.840947,6.046,
1/10/03,5.37,5.39,5.443,5.518,5.603,5.683,5.837382,6.014,
1/17/03,5.47,5.51,5.471,5.482,5.537,5.656,5.746148,5.886,
1/24/03,5.59,5.52,5.517,5.504,5.599,5.72,5.806262,5.955,
1/31/03,5.63,5.6,5.766,5.838,5.933,6.099,6.214241,6.323,
2/7/03,5.57,5.58,5.709,5.816,5.874,6.208,6.248044,6.411,
2/14/03,5.72,5.79,6.031,6.085,6.146,6.515,6.584588,6.699,
2/21/03,5.73,5.77,6.064,6.09,6.183,6.416,6.460567,6.613,
2/28/03,5.35,5.4,5.452,6.049,5.573,5.726,5.90015,5.966,
3/7/03,5.65,5.65,5.694,5.82,5.963,6.267,6.151761,6.425,
3/14/03,5.8,5.85,5.817,5.976,6.039,6.251,6.335295,6.373,
3/21/03,5.75,5.75,5.763,5.911,5.883,6.024,6.181295,6.281,
3/28/03,6.05,5.9,5.982,6.044,6.021,6.033,6.207136,6.312,
4/4/03,5.4,5.4,5.517,5.584,5.653,5.732,5.90189,5.991,
4/11/03,5.11,5.12,5.308,5.46,5.419499,5.634,5.784001,5.878,
4/18/03,4.98,5.04,5.251,5.335,5.404,5.608,5.788728,5.868,
4/25/03,4.85,4.95,5.171,5.328,5.382,5.638,5.809495,5.88,
5/2/03,4.65,4.75,4.988,5.154,5.252,5.593,5.797837,5.937,
5/9/03,4.55,4.67,4.977,5.065,5.177,5.477,5.670772,5.913,
5/16/03,4.46,4.55,4.943,5.098,5.187,5.477,5.692835,5.897,
5/23/03,4.6,4.65,4.918,5.06,5.149,5.327,5.555763,5.805,
5/30/03,4.64,4.75,4.966,5.103,5.182,5.37,5.567609,5.793,
6/6/03,4.83,4.85,5.027,5.108,5.204,5.333,5.539065,5.768,
6/13/03,4.96,4.96,5.093,5.152,5.222,5.355,5.546007,5.769,
6/20/03,4.98,4.98,5.096,5.174,5.224,5.328,5.554659,5.732,
6/27/03,4.98,4.98,5.114,5.182,5.21,5.325,5.536887,5.73,
7/4/03,5.02,5.02,5.105,5.172,5.203,5.304,5.567184,5.709,
7/11/03,4.94,4.94,5.054,5.171,5.166,5.279,5.556039,5.706,
7/18/03,4.82,4.87,4.971,5.098,5.129,5.256,5.516546,5.722,
7/25/03,4.72,4.72,4.868,5.014,5.084,5.214,5.44207,5.63,
8/1/03,4.74,4.75,4.822,5.009,5.06,5.208,5.416404,5.598,
8/8/03,4.88,4.9,4.819,5.011,5.046,5.191,5.391657,5.553,
8/15/03,4.94,4.95,4.962,5.055,5.068,5.196,5.392518,5.539,
8/22/03,4.96,4.97,4.998,5.068,5.093,5.215,5.393694,5.573,
8/29/03,4.65,4.65,4.723,4.775,4.761,4.922,5.031215,5.282,
9/5/03,4.61,4.62,4.718,4.756,4.825,4.903,5.047726,5.28,
9/12/03,4.6,4.62,4.693,4.805,4.824,4.956,5.116386,5.327,
9/19/03,4.61,4.61,4.686,4.756,4.822,4.936,5.119251,5.313,
9/26/03,4.58,4.58,4.692,4.66,4.734,4.825,5.044167,5.259,
10/3/03,4.47,4.47,4.65,4.599,4.627,4.734,4.950904,5.159,
10/10/03,4.42,4.4,4.518,4.536,4.59,4.67,4.844564,5.058,
10/17/03,4.36,4.34,4.487,4.526,4.548,4.604,4.764584,4.973,
10/24/03,4.65,4.62,4.691,4.679,4.732,4.812,4.958395,5.093,
10/31/03,4.55,4.55,4.585,4.635,4.753,4.815,4.97497,5.1,
11/7/03,4.45,4.47,4.593,4.699,4.737,4.784,4.932613,5.064,
11/14/03,4.4,4.41,4.508,4.634,4.753,4.814,4.970355,5.102,
11/21/03,4.32,4.33,4.386,4.653,4.729,4.865,4.994315,5.105,
11/28/03,4.25,4.29,4.34,4.587,4.694,4.855,4.999849,5.147,
12/5/03,4.2,4.26,4.29,4.519,4.64,4.824,5.044489,5.189,
12/12/03,4.17,4.24,4.267,4.479,4.604,4.782,5.004264,5.18,
12/19/03,4.22,4.27,4.352,4.438,4.601,4.741,4.969042,5.153,
12/26/03,4.2,4.25,4.491,4.414,4.59,4.726,4.947347,5.11,
1/2/04,4.22,4.27,4.497,6.711,4.645,4.814,5.065116,5.121,
1/9/04,4.22,4.27,4.498,4.596,4.682,4.835,5.072221,5.118,
1/16/04,4.23,4.28,4.524,4.578,4.705,4.863,5.092034,5.138,
1/23/04,4.29,4.33,4.5,4.633,4.742,4.893,5.099285,5.135,
1/30/04,4.33,4.36,4.533,4.624,4.874,4.985,5.168981,5.208,
2/6/04,4.35,4.37,4.533,4.689,4.883,4.993,5.170564,5.216,
2/13/04,4.36,4.4,4.547,4.688,4.937,5.081,5.231094,5.283,
2/20/04,4.34,4.39,4.606,4.829,4.942,5.071,5.248964,5.298,
2/27/04,4.33,4.4,4.525,4.775,4.884,5.033,5.239547,5.265,
3/5/04,4.2,4.25,4.457,4.666,4.808,4.978,5.198663,5.243,
3/12/04,4.24,4.24,4.448,4.548,4.734,4.864,5.114248,5.185,
3/19/04,4.27,4.27,4.433,4.528,4.683,4.811,5.060022,5.159,
3/26/04,4.26,4.27,4.418,4.478,4.647,4.794,5.057427,5.161,
4/2/04,4.25,4.34,4.46,4.467,4.617,4.769,5.02292,5.111,
4/9/04,4.24,4.3,4.53,4.537,4.601,4.762,5.015698,5.115,
4/16/04,4.33,4.36,4.547,4.561,4.562,4.746,4.993058,5.079,
4/23/04,4.33,4.37,4.502,4.532,4.54,4.726,4.981672,5.071,
4/30/04,4.35,4.38,4.548,4.534,4.609,4.811,5.031176,5.117,
5/7/04,4.37,4.4,4.494,4.546,4.588,4.809,5.057745,5.128,
5/14/04,4.38,4.41,4.518,4.558,4.645,4.925,5.128579,5.229,
5/21/04,4.36,4.39,4.542,4.597,4.72,4.859,5.101194,5.191,
5/28/04,4.37,4.4,4.541,4.66,4.787,4.902,5.085524,5.244,
6/4/04,4.43,4.44,4.58,4.682,4.831,4.959,5.198495,5.278,
6/11/04,4.46,4.47,4.597,4.803,4.946,5.036,5.271181,5.323,
6/18/04,4.5,4.52,4.64,4.818,5.023,5.193,5.411284,5.468,
6/25/04,4.46,4.55,4.729,4.998,5.319,5.542,5.848339,5.851,
7/2/04,4.45,4.52,4.829,4.988,5.197,5.418,5.78362,5.783,
7/9/04,4.43,4.49,4.777,4.987,5.216,5.453,5.822565,5.849637,
7/16/04,4.37,4.49,4.748,5.081,5.309,5.566,5.94681,5.947,
7/23/04,4.37,4.49,4.78,5.158,5.357,5.62,5.90766,5.952,
7/30/04,4.37,4.48,4.842,5.191,5.512,5.76,6.137755,6.164,
8/6/04,4.51,4.57,4.893,5.151,5.656,5.981,6.28486,6.282,
8/13/04,4.85,5,5.198,5.681,6.014,6.336,6.683617,6.542,
8/20/04,4.7,4.95,5.355,5.657,6.002,6.32,6.586156,6.494,
8/27/04,4.65,4.86,5.205,5.492,5.835,5.99,6.21072,6.092,
9/3/04,4.52,4.73,5.135,5.497,5.796,5.864,6.060981,5.889,
9/10/04,4.57,4.77,5.111,5.367,5.693,5.856,6.099681,5.939,
9/17/04,4.68,4.88,5.25,5.444,5.785,6.036,6.255921,6.127,
9/24/04,4.75,4.95,5.227,5.42,5.707,5.984,6.161527,6.046,
10/1/04,4.95,5.15,5.386,5.611,5.917,6.123,6.47911,6.392,
10/8/04,5,5.2,5.425,5.641,6.148,6.351,6.696389,6.673,
10/15/04,5.1,5.27,5.466,5.713,6.023,6.329,6.766666,6.764,
10/22/04,5.22,5.32,5.512,5.708,5.946,6.258,6.710076,6.728,
10/29/04,5.3,5.45,5.616,5.83,6.039,6.347,6.841081,6.861,
11/5/04,5.4,5.6,6.167,6.012,6.323,6.728,7.11904,7.221,
11/12/04,5.35,5.55,5.91,6.198,6.293,6.861,7.200961,7.177,
11/19/04,5.6,5.65,5.837,6.103,6.305,6.808,7.129479,7.118,
11/26/04,5.25,5.45,5.763,6.04,6.274,6.835,7.175905,7.215,
12/3/04,5.05,5.25,5.531,5.836,6.092,6.406,6.782077,6.81,
12/10/04,5.08,5.32,5.655,5.907,6.04,6.357,6.708061,6.684,
12/17/04,5.3,5.5,5.829,5.965,6.13,6.458,6.762647,6.797,
12/24/04,5.25,5.45,5.746,5.925,6.015,6.349,6.646034,6.662,
12/31/04,5.3,5.5,5.755,5.831,6.028,6.343,6.590881,6.706,
1/7/05,5.15,5.45,5.702,5.962,6.383,6.376,6.542166,6.548,
1/14/05,5.27,5.48,5.85,6,6.368,6.458,6.65942,6.648,
1/21/05,5.3,5.45,5.842,6.049,6.407,6.498,6.759198,6.719,
1/28/05,5.25,5.45,5.802,6.065,6.42,6.482,6.756329,6.736,
2/4/05,5.2,5.4,5.743,5.963,6.393,6.466,6.718729,6.731,
2/11/05,5.2,5.4,5.679,5.876,6.258,6.293,6.511323,6.452,
2/18/05,5.2,5.4,5.76,5.875,6.189,6.324,6.545477,6.498,
2/25/05,5.2,5.4,5.782,5.852,6.169,6.343,6.555823,6.495,
3/4/05,5.2,5.4,5.724,5.964,6.221,6.411,6.617604,6.625,
3/11/05,5.2,5.37,5.673,5.897,6.167,6.359,6.569412,6.559,
3/18/05,5.25,5.45,5.667,5.928,6.156,6.416,6.619918,6.661,
3/25/05,5.3,5.5,5.685,5.921,6.171,6.402,6.620257,6.673,
4/1/05,5.26,5.43,5.625,5.915,6.159,6.386,6.54944,6.678,
4/8/05,5.25,5.45,5.813,6.015,6.311,6.691,6.957362,7.015,
4/15/05,5.2,5.4,5.745,5.983,6.262,6.647,6.911917,6.992,
4/22/05,5.15,5.37,5.709,6,6.326,6.641,6.916736,7.082,
4/29/05,5.3,5.5,5.839,6.101,6.39,6.784,7.087773,7.239,
5/6/05,5.2,5.4,5.722,6.108,6.468,6.909,7.12691,7.26,
5/13/05,5.23,5.38,5.677,6.051,6.341,6.801,7.011086,7.169,
5/20/05,5.2,5.4,5.642,6.033,6.3,6.759,6.933464,7.005,
5/27/05,5.2,5.4,5.686,6.025,6.341,6.76,6.968646,6.971,
6/3/05,5.2,5.4,5.691,6.021,6.336,6.656,6.818018,6.896,
6/10/05,5.25,5.44,5.726,5.948,6.26,6.62,6.743779,6.848,
6/17/05,5.3,5.47,5.763,6.069,6.282,6.664,6.815783,6.962,
6/24/05,5.3,5.47,5.752,6.053,6.266,6.577,6.741279,6.867,
7/1/05,5.35,5.5,5.804,6.094,6.273,6.645,6.774489,6.962,
7/8/05,5.42,5.57,5.82,6.119,6.312,6.745,6.93383,7.193,
7/15/05,5.45,5.62,5.824,6.108,6.316,6.752,6.88497,7.17,
7/22/05,5.48,5.65,5.827,6.075,6.306,6.737,6.854917,7.163,
7/29/05,5.3,5.5,5.731,5.954,6.224,6.579,6.732674,6.96,
8/5/05,5.28,5.44,5.726,6.005,6.228,6.579,6.7664,6.987,
8/12/05,5.25,5.47,5.668,5.998,6.218,6.607,6.789023,7.028,
8/19/05,5.17,5.37,5.684,5.997,6.211,6.623,6.794755,7.072,
8/26/05,5.15,5.38,5.652,6.03,6.184,6.61,6.800549,7.081,
9/2/05,5.17,5.36,5.678,6.037,6.201,6.571,6.777834,7.043,
9/9/05,5.16,5.36,5.645,6.037,6.299,6.58,6.776043,7.034,
9/16/05,5.14,5.36,5.663,6.048,6.29,6.577,6.76282,7.019,
9/23/05,5.22,5.42,5.756,6.056,6.285,6.606,6.812794,7.06,
9/30/05,5.34,5.52,5.73,6.064,6.299,6.674,6.869196,7.101,
10/7/05,5.42,5.64,5.768,6.127,6.343,6.685,6.882779,7.179,
10/14/05,5.42,5.62,5.8,6.146,6.328,6.667,6.857225,7.129,
10/21/05,5.51,5.7,5.833,6.172,6.46,6.674,6.876313,7.171,
10/28/05,5.53,5.68,5.818,6.104,6.373,6.618,6.807922,7.078,
11/4/05,5.62,5.75,5.824,6.101,6.333,6.624,6.807571,7.103,
11/11/05,5.75,5.86,5.874,6.154,6.332,6.618,6.818897,7.12,
11/18/05,5.78,5.88,5.899,6.15,6.298,6.597,6.787303,7.094,
11/25/05,5.73,5.85,5.912,6.145,6.334,6.572,6.769332,7.091,
12/2/05,5.74,5.88,5.912,6.137,6.341,6.579,6.790531,7.097,
12/9/05,5.65,5.83,5.955,6.169,6.37,6.593,6.786306,7.104,
12/16/05,5.8,5.96,6.016,6.187,6.393,6.591,6.78801,7.104,
12/23/05,6,6.07,6.173,6.22,6.424,6.587,6.79371,7.122,
12/30/05,6.08,6.15,6.244,6.233,6.416,6.573,6.769755,7.11,
1/6/06,5.97,6.04,6.206,6.363,6.438,6.66,6.903258,7.183,
1/13/06,6.17,6.24,6.278,6.394,6.475,6.707,6.922936,7.213,
1/20/06,6.17,6.25,6.441,6.406,6.537,6.722,6.944443,7.203,
1/27/06,6.75,6.78,6.73,6.617,7.001,7.05,7.311638,7.485,
2/3/06,6.54,6.58,6.847,6.833,6.895,6.991,7.138674,7.349,
2/10/06,6.56,6.62,6.777,6.788,6.879,6.975,7.147352,7.352,
2/17/06,6.67,6.75,6.888,6.943,6.916,7.025,7.137075,7.342,
2/24/06,6.65,6.69,6.953,6.948,6.991,7.141,7.22581,7.389,
3/3/06,6.66,6.7,6.862,6.937,7.142,7.229,7.305108,7.447,
3/10/06,6.62,6.66,6.871,6.96,7.052,7.251,7.299468,7.409,
3/17/06,6.59,6.64,6.772,6.907,7.037,7.228,7.302661,7.391,
3/24/06,6.47,6.54,6.592,6.769,6.827,7.156,7.254728,7.385,
3/31/06,6.1,6.34,6.537,6.792,6.848,7.32,7.406934,7.55,
4/7/06,5.79,6.03,6.334,6.664,6.77,7.181,7.34276,7.546,
4/14/06,5.58,6.02,6.366,6.483,6.736,7.154,7.303511,7.611,
4/21/06,5.3,5.5,6.174,6.412,6.66,6.971,7.170381,7.338,
4/28/06,5.46,5.7,6.313,6.472,6.724,6.979,7.214257,7.39,
5/5/06,5.67,5.91,6.363,6.524,6.743,7.054,7.235325,7.537,
5/12/06,5.65,5.88,6.443,6.599,6.801,7.094,7.297673,7.545,
5/19/06,5.77,6.03,6.517,6.608,6.821,7.188,7.34797,7.612,
5/26/06,5.72,6.01,6.484,6.74,6.825,7.193,7.384204,7.611,
6/2/06,5.72,6.16,6.49,6.792,6.889,7.307,7.500812,7.671,
6/9/06,6.05,6.35,6.698,6.824,6.982,7.43,7.737464,7.791,
6/16/06,6.2,6.45,6.936,7.004,7.124,7.44,7.651134,7.803,
6/23/06,6.33,6.66,7.141,7.222,7.351,7.683,7.98057,8.089,
6/30/06,6.35,6.71,7.043,7.205,7.335,7.691,7.982175,8.151,
7/7/06,6.25,6.6,7.043,7.181,7.38,7.746,8.069877,8.213,
7/14/06,6.33,6.65,7.032,7.197,7.406,7.864,8.181713,8.344,
7/21/06,6.33,6.58,6.997,7.138,7.306,7.763,8.18971,8.242,
7/28/06,6.39,6.7,6.985,7.085,7.332,7.839,8.104677,8.25,
8/4/06,6.37,6.67,6.964,7.119,7.379,7.913,8.14528,8.287,
8/11/06,6.33,6.63,6.913,7.1,7.341,7.733,8.079544,8.121,
8/18/06,6.37,6.65,6.834,7.08,7.312,7.641,7.888733,8.019,
8/25/06,6.42,6.69,6.911,7.006,7.365,7.652,7.861715,7.98,
9/1/06,6.42,6.69,7.05,7.022,7.334,7.591,7.777008,7.877,
9/8/06,6.4,6.7,6.914,7.089,7.318,7.453,7.638777,7.705,
9/15/06,6.45,6.72,6.942,7.075,7.341,7.579,7.673367,7.829,
9/22/06,6.48,6.71,6.839,7.017,7.263,7.402,7.540777,7.619,
9/29/06,6.52,6.75,6.777,6.932,7.246,7.426,7.563764,7.642,
10/6/06,6.59,6.78,6.883,7.072,7.206,7.391,7.493818,7.596,
10/13/06,6.58,6.78,7.028,7.117,7.254,7.445,7.484524,7.617,
10/20/06,6.68,6.88,6.999,7.137,7.257,7.439,7.580094,7.654,
10/27/06,6.73,6.83,7.072,7.083,7.229,7.386,7.517416,7.607,
11/3/06,6.7,6.92,7.119,7.124,7.297,7.472,7.544529,7.642,
11/10/06,6.67,6.87,7.11,7.139,7.273,7.431,7.533469,7.604,
11/17/06,6.66,6.86,7.235,7.141,7.296,7.42,7.457209,7.53,
11/24/06,6.65,6.85,7.033,7.086,7.135,7.28,7.314388,7.431,
12/1/06,6.62,6.82,6.95,7.059,7.138,7.308,7.337325,7.426,
12/8/06,6.63,6.83,6.956,7.038,7.094,7.269,7.255509,7.39,
12/15/06,7.07,7.18,7.14,7.21,7.362,7.541,7.478162,7.641,
12/22/06,7.06,7.12,7.156,7.236,7.417,7.497,7.478717,7.601,7.591
12/29/06,7.18,7.2,7.319,7.339,7.423,7.53,7.557189,7.619,7.785
1/5/07,7.05,7.1,7.328,7.231,7.477,7.478,7.466248,7.555,7.691
1/12/07,7.07,7.13,7.174,7.244,7.559,7.801,7.661007,7.927,8.211
1/19/07,7.13,7.18,7.296,7.516,7.648,7.712,7.784596,7.807,8.153
1/26/07,7.3,7.53,7.4,7.599,7.718,7.736,7.831956,7.883,8.22
2/2/07,7.36,7.41,7.228,7.469,7.635,7.607,7.663686,7.699,8.026
2/9/07,7.42,7.48,7.475,7.641,7.72,7.738,7.832161,7.808,8.113
2/16/07,7.67,7.7,7.629,7.79,7.845,7.943,8.050677,8.073,8.264
2/23/07,7.53,7.58,7.607,7.749,7.793,7.872,7.974388,7.935,8.165
3/2/07,7.37,7.47,7.583,7.762,7.867,7.935,7.96489,7.949,8.197
3/9/07,7.32,7.6,7.667,7.832,7.887,7.949,8.039116,8.001,8.333
3/16/07,7.33,7.63,7.672,7.937,7.981,7.964,8.069713,8.023,8.342
3/23/07,7.35,7.55,7.669,7.894,7.929,7.892,7.969648,7.951,8.264
3/30/07,7.55,7.65,7.694,7.99,7.987,7.96,8.015577,8.022,8.337
4/6/07,7.62,7.72,7.979,8.101,8.153,8.155,8.199353,8.183,8.548
4/13/07,7.2,7.35,7.855,8.041,8.124,8.109,8.153093,8.105,8.563
4/20/07,7.35,7.65,7.816,8.041,8.086,8.097,8.098079,8.067,8.491
4/27/07,7.4,7.6,7.969,8.07,8.132,8.052,8.134313,8.142,8.449
5/4/07,7.55,7.7,8.001,8.054,8.087,8.105,8.170823,8.159,8.52
5/11/07,7.45,7.6,7.932,8.049,8.102,8.106,8.18394,8.167,8.583
5/18/07,7.55,7.68,7.894,8.067,8.055,8.121,8.203099,8.154,8.55
5/25/07,7.55,7.63,7.734,8.033,8.057,8.123,8.198616,8.136,8.493
6/1/07,7,7.45,7.581,7.798,7.814,7.946,8.112831,8.077,8.443
6/8/07,6.95,7.25,7.647,7.905,7.955,8.024,8.201446,8.138,8.569
6/15/07,7.7,7.8,7.728,7.973,7.996,8.051,8.213014,8.288,8.56
6/22/07,6.8,7.13,7.599,7.801,7.879,7.989,8.152859,8.229,8.555
6/29/07,7.25,7.4,7.538,7.8,7.841,7.927,8.140497,8.187,8.526
7/6/07,6,6.3,7.191,7.41,7.465,7.648,7.965353,8.01,8.426
7/13/07,5.01,6,6.929,7.299,7.338,7.572,7.858161,7.939,8.394
7/20/07,4.55,5.6,6.643,7.102,7.165,7.393,7.659625,7.808,8.31
7/27/07,4.5,5.9,6.646,7.095,7.203,7.408,7.658367,7.834,8.338
8/3/07,6.35,6.75,7.072,7.47,7.422,7.523,7.768719,7.86,8.356
8/10/07,6.55,7.25,7.295,7.803,7.85,7.858,7.914272,7.983,8.421
8/17/07,6.5,7.15,7.317,7.837,7.852,7.886,7.999629,7.999,8.426
8/24/07,6.95,7.4,7.194,7.824,7.833,7.836,7.93712,7.937,8.314
8/31/07,6.9,7.3,7.183,7.694,7.763,7.792,7.936347,7.93,8.326
9/7/07,7,7.25,7.178,7.575,7.69,7.721,7.813952,7.896,8.365
9/14/07,7,7.3,7.232,7.608,7.691,7.709,7.813307,7.886,8.363
9/21/07,7.05,7.25,7.092,7.522,7.629,7.684,7.774703,7.859,8.365
9/28/07,7.1,7.3,7.096,7.728,7.78,7.805,7.904731,7.925,8.421
10/5/07,7,7.25,7.189,7.759,7.782,7.82,7.890267,7.908,8.417
10/12/07,6.95,7.15,7.161,7.678,7.749,7.795,7.865677,7.904,8.412
10/19/07,7,7.3,7.094,7.677,7.786,7.824,7.864891,7.898,8.421
10/26/07,6.95,7.2,6.885,7.594,7.745,7.746,7.798615,7.822,8.315
11/2/07,7.311,7.5,7.436,7.725,7.736,7.774,7.829519,7.859,8.317
11/9/07,7.471,7.6,7.378,7.846,7.839,7.816,7.874915,7.914,8.384
11/16/07,7.512,7.58,7.522,7.759,7.78,7.817,7.859464,7.881,8.349
11/23/07,7.47,7.58,7.616,7.717,7.754,7.831,7.850034,7.89,8.348
11/30/07,7.48,7.58,7.564,7.825,7.814,7.887,7.8673,7.905,8.344
12/7/07,7.48,7.58,7.497,7.775,7.773,7.82,7.827088,7.874,8.259
12/14/07,7.48,7.58,7.584,7.826,7.801,7.835,7.840326,7.9,8.245
12/21/07,7.4,7.55,7.528,7.746,7.74,7.822,7.779312,7.871,8.218
12/28/07,7.4,7.55,7.563,7.729,7.678,7.804,7.755694,7.811,8.169
1/4/08,7,7.15,7.478,7.462,7.581,7.576,7.64,7.706,8.067
1/11/08,7,7.2,7.488,7.453,7.507,7.488,7.526,7.563,7.86
1/18/08,7.1,7.25,7.507,7.501,7.449,7.527,7.544,7.551,7.847
1/25/08,7.1,7.25,7.319,7.308,7.341,7.367,7.413,7.431,7.715
2/1/08,7.2,7.35,7.437,7.436,7.479,7.468,7.492,7.487,7.814
2/8/08,7.2,7.3,7.399,7.398,7.436,7.442,7.466,7.47,7.765
2/15/08,7.2,7.3,7.5,7.465,7.491,7.493,7.476,7.503,7.794
2/22/08,7.4,7.5,7.562,7.57,7.598,7.596,7.583,7.679,7.978
2/29/08,7.38,7.48,7.504,7.498,7.454,7.554,7.566,7.568,7.991
3/7/08,7.33,7.4,7.517,7.545,7.561,7.564,7.584,7.59,8.053
3/14/08,7.33,7.38,7.521,7.544,7.551,7.564,7.602,7.63,8.124
3/21/08,7.33,7.38,7.464,7.483,7.48,7.541,7.602,7.621,8.128
3/28/08,7.13,7.23,7.469,7.509,7.559,7.698,7.779,7.874,8.373
4/4/08,6.75,7,7.643,7.677,7.696,7.856,7.94,7.985,8.555
4/11/08,7.2,7.3,7.787,7.894,7.965,7.987,8.08,8.034,8.613
4/18/08,7.2,7.35,7.803,7.956,8.014,8.047,8.118,8.118,8.623
4/25/08,7.35,7.45,7.841,7.949,8.04,8.097,8.156,8.175,8.598
5/2/08,7.28,7.43,7.726,7.746,7.82,7.861,7.906,7.903,8.357
5/9/08,7.2,7.3,7.667,7.748,7.794,7.863,7.944,7.917,8.362
5/16/08,7.38,7.58,7.768,7.838,7.876,7.936,8.03,8.011,8.413
5/23/08,7.45,7.55,7.822,7.897,7.886,8.059,8.093,8.088,8.447
5/30/08,7.42,7.5,7.892,7.995,7.989,8.049,8.149,8.101,8.461
6/6/08,7.52,7.6,7.972,8.106,8.203,8.234,8.272,8.238,8.654
6/13/08,7.85,7.95,8.161,8.307,8.42,8.373,8.438,8.393,8.773
6/20/08,8.2,8.25,8.603,8.836,8.832,8.664,8.666,8.627,8.967
6/27/08,8.85,9,9.203,9.286,9.253,8.935,9.041,8.615,9.178
7/4/08,8.7,8.85,9.16,9.306,9.251,9.252,9.26,9.154,9.454
7/11/08,9,9.15,9.415,9.448,9.431,9.443,9.474,9.469,9.743
7/18/08,8.85,9,9.253,9.321,9.336,9.344,9.331,9.096,9.743
7/25/08,9,9.15,9.271,9.286,9.263,9.219,9.273,9.157,9.684
8/1/08,9.25,9.3,9.419,9.42,9.35,9.33,9.413,9.274,9.767
8/8/08,9.15,9.25,9.209,9.2,9.193,9.139,9.136,9.029,9.72
8/15/08,9.1,9.2,9.296,9.269,9.227,9.212,9.232,9.161,9.632
8/22/08,9.1,9.2,9.291,9.282,9.247,9.206,9.165,9.085,9.827
8/29/08,9,9.1,9.149,9.106,9.167,8.855,8.859,8.7,9.615
9/5/08,8.9,8.95,9,8.873,8.85,8.573,8.75,8.484,9.189
9/12/08,8.55,8.65,8.7,8.643,8.555,8.37,8.489,8.348,8.808
9/19/08,8.7,8.8,8.89,8.683,8.569,8.386,8.531,8.415,8.864
9/26/08,8.5,8.65,8.755,8.699,8.559,8.493,8.706,8.58,9.211
10/3/08,8.8,8.9,8.769,8.68,8.501,8.353,8.515,8.291,9.083
10/10/08,7.85,7.95,7.665,8.006,8.151,7.995,7.991,7.814,8.45
10/17/08,7.45,7.55,7.895,7.724,7.726,7.857,7.914,7.705,8.37
10/24/08,7.1,7.15,7.381,7.571,7.469,7.846,7.973,7.683,8.361
10/31/08,7.15,7.25,7.52,7.411,7.353,7.53,7.644,7.478,8.074
11/7/08,7.1,7.2,7.019,7.156,7.286,7.467,7.731,7.711,8.385
11/14/08,7.2,7.15,6.963,6.989,7.121,7.366,7.472,7.468,8.151
11/21/08,7,6.9,6.639,6.529,6.904,7.116,7.301,7.223,7.857
11/28/08,7.05,7.1,7.195,6.834,6.883,7.14,7.253,7.08,7.81
12/5/08,6.25,6.35,6.427,6.525,6.539,6.79,6.944,6.771,7.397
12/12/08,5.5,5.45,5.373,5.369,5.899,6.23,6.448,6.23,7.031
12/19/08,5.23,5.18,5.392,5.526,5.831,5.695,5.905,5.572,6.658
12/26/08,5.15,5.1,5.271,5.517,5.766,5.844,5.937,5.618,6.8
1/2/09,4.2,4.25,4.566,4.871,5.108,5.133,5.501,5.349,6.232
1/9/09,4.55,4.6,4.803,5.203,5.407,6.053,6.468,6.048,7.321
1/16/09,4.45,4.4,4.512,4.423,4.861,5.65,5.937,5.588,6.96
1/23/09,4.7,4.6,4.589,4.626,5.467,5.841,6.286,5.748,7.084
1/30/09,4.7,4.65,4.625,4.664,5.575,5.982,6.453,6.187,7.258
2/6/09,4.75,4.65,4.541,4.775,5.532,5.853,6.484,6.324,7.367
2/13/09,4.6,4.55,4.512,4.657,5.505,5.769,6.347,6.155,7.445
2/20/09,4.7,4.6,4.671,4.854,5.566,5.935,6.618,6.313,7.521
2/27/09,4.6,4.55,4.685,4.958,5.566,5.878,6.624,6.328,7.668
3/6/09,4.4,4.45,4.72,4.942,5.846,6.218,6.955,6.752,7.82
3/13/09,4.6,4.65,4.82,5.466,6.115,6.577,7.222,6.82,8.032
3/20/09,4.8,4.95,4.993,5.565,6.249,6.46,7.042,6.853,7.866
3/27/09,4.95,5,5.047,5.67,6.369,6.69,7.186,7.031,7.894
4/3/09,4.55,4.7,4.892,5.495,5.993,6.794,7.113,6.951,7.802
4/10/09,3.8,4,4.36,5.086,5.56,6.393,6.79,6.718,7.628
4/17/09,3.6,3.8,4.32,4.986,5.271,6.131,6.541,6.41,7.523
4/24/09,3.3,3.55,3.98,4.743,5.382,5.945,6.399,6.124,7.172
5/1/09,3.35,3.55,3.957,4.706,5.465,6.078,6.555,6.242,7.258
5/8/09,3.15,3.35,3.948,4.647,5.59,6.092,6.674,6.381,7.496
5/15/09,3.25,3.45,3.891,4.744,5.615,6.15,6.708,6.419,7.501
5/22/09,3.3,3.5,3.836,4.928,5.676,6.294,6.768,6.477,7.487
5/29/09,3.3,3.5,3.983,5.042,5.814,6.483,6.887,6.71,7.671
6/5/09,3.4,3.55,4.018,5.079,5.804,6.48,6.801,6.555,7.69
6/12/09,3.4,3.6,4.109,5.291,5.887,6.76,6.935,6.912,7.69
6/19/09,3.35,3.6,4.093,5.508,5.896,6.724,6.862,6.921,7.7
6/26/09,3.35,3.6,4.248,5.399,5.886,6.677,6.904,6.998,7.815
7/3/09,3.1,3.3,4.058,5.134,5.612,6.444,6.63,6.834,7.635
7/10/09,3.13,3.38,4.039,5.043,5.62,6.421,6.81,7.024,7.796
7/17/09,3.23,3.38,3.897,4.977,5.624,6.503,6.835,7.01,7.835
7/24/09,3.25,3.4,3.811,4.988,5.72,6.597,6.88,7.043,7.854
7/31/09,3.25,3.4,4.183,5.19,5.839,6.749,6.999,6.998,7.893
8/7/09,3.28,3.7,4.364,5.338,6.104,6.828,7.082,7.041,7.982
8/14/09,3.33,3.73,4.514,5.652,6.216,6.881,7.222,7.112,8.012
8/21/09,3.35,3.83,4.686,5.865,6.329,7.026,7.346,7.33,8.123
8/28/09,3.4,3.88,4.662,5.932,6.416,7.115,7.38,7.343,8.256
9/4/09,3.4,3.9,4.615,6.009,6.562,7.254,7.43,7.461,8.237
9/11/09,3.45,4,4.79,6.107,6.831,7.246,7.364,7.368,8.311
9/18/09,3.45,4,4.512,6.011,6.697,7.001,7.111,7.113,8.206
9/25/09,3.35,3.95,4.422,5.889,6.545,7.083,7.186,7.179,8.217
10/2/09,3.2,3.8,4.588,5.829,6.583,7.153,7.243,7.223,8.259
10/9/09,3.2,3.8,4.666,5.864,6.642,7.251,7.319,7.326,8.36
10/16/09,3.25,4,4.647,5.931,6.702,7.364,7.415,7.409,8.424
10/23/09,3.23,3.95,4.619,5.991,6.655,7.49,7.483,7.462,8.398
10/30/09,3.24,3.85,4.271,5.894,6.555,7.414,7.368,7.306,8.382
11/6/09,3.261,3.8,4.268,5.675,6.431,7.269,7.363,7.321,8.388
11/13/09,3.303,3.85,5.115,5.598,6.331,7.288,7.35,7.331,8.377
11/20/09,3.261,3.65,4.937,5.455,6.186,7.047,7.15,7.188,8.282
11/27/09,3.261,3.7,4.996,5.451,6.225,7.023,7.179,7.197,8.24
12/4/09,3.387,3.8,5.201,5.705,6.485,7.149,7.372,7.475,8.422
12/11/09,3.429,3.85,5.292,5.763,6.432,7.277,7.402,7.575,8.417
12/18/09,3.809,4.1,5.448,5.822,6.598,7.254,7.517,7.731,8.45
12/25/09,3.75,4.3,5.297,5.713,6.476,7.266,7.42,7.686,8.401
1/1/10,3.6,4.1,5.098,5.539,6.368,7.241,7.429,7.695,8.337
1/8/10,3.65,4.1,4.965,5.422,6.308,7.266,7.47,7.773,8.386
1/15/10,3.85,4.2,4.864,5.337,6.277,7.228,7.418,7.736,8.387
1/22/10,3.9,4.15,4.883,5.214,6.187,7.152,7.364,7.567,8.376
1/29/10,3.978,4.35,4.762,5.203,6.165,7.154,7.41,7.591,8.355
2/5/10,4.02,4.35,4.78,5.184,6.179,7.189,7.501,7.678,8.403
2/12/10,4,4.4,4.748,5.165,6.169,7.291,7.664,7.859,8.441
2/19/10,4.1,4.5,5.021,6.159,6.961,7.329,7.675,7.885,8.452
2/26/10,4.15,4.6,5.034,6.147,6.927,7.343,7.666,7.864,8.469
3/5/10,4.698,4.7,5.163,6.161,6.909,7.356,7.678,7.973,8.469
3/12/10,4.317,4.75,5.134,6.201,6.874,7.278,7.679,8.015,8.464
3/19/10,4.35,4.7,5.047,6.116,6.74,7.188,7.416,7.831,8.458
3/26/10,4.317,4.7,5.015,6.157,6.737,7.266,7.467,7.856,8.448
4/2/10,4.114,4.6,5.159,6.174,6.751,7.306,7.59,7.85,8.459
4/9/10,3.936,4.2,4.95,6.086,6.748,7.201,7.622,8.013,8.459
4/16/10,4.19,4.7,5.215,6.232,6.828,7.28,7.681,8.088,8.459
4/23/10,4.063,4.6,4.912,6.06,6.725,7.601,7.738,8.058,8.564
4/30/10,4.1,4.55,4.86,5.922,6.554,7.433,7.715,8.061,8.548
5/7/10,4.1,4.4,4.858,5.827,6.584,7.376,7.62,7.966,8.521
5/14/10,4.15,4.55,4.895,5.807,6.479,7.245,7.575,7.502,8.483
5/21/10,4.3,4.65,4.921,5.861,6.515,7.237,7.529,7.382,8.467
5/28/10,5.1,5.05,4.871,5.941,6.59,7.374,7.593,7.539,8.483
6/4/10,5.15,5.15,5.245,5.954,6.583,7.381,7.621,7.537,8.475
6/11/10,5.3,5.35,5.222,6.035,6.676,7.442,7.622,7.638,8.474
6/18/10,5.4,5.45,5.15,6.174,6.715,7.411,7.613,7.572,8.398
6/25/10,5.35,5.45,5.274,6.287,6.775,7.438,7.659,7.659,8.39
7/2/10,5.4,5.45,5.31,6.201,6.766,7.391,7.503,7.551,8.34
7/9/10,5.4,5.6,5.814,6.405,6.81,7.448,7.614,7.654,8.362
7/16/10,5.45,5.65,5.732,6.436,6.829,7.38,7.628,7.637,8.366
7/23/10,5.7,5.9,5.875,6.498,6.87,7.412,7.647,7.681,8.363
7/30/10,5.8,6,6.29,7.014,7.127,7.626,7.826,7.803,8.433
8/6/10,5.9,6.3,6.406,6.985,7.3,7.694,7.911,7.833,8.417
8/13/10,6.15,6.35,6.388,6.919,7.249,7.647,7.895,7.827,8.383
8/20/10,6.25,6.45,6.441,6.983,7.34,7.725,8.016,7.977,8.404
8/27/10,6.2,6.4,6.35,6.839,7.225,7.716,7.988,7.976,8.397
9/3/10,6.05,6.25,6.315,6.86,7.183,7.702,8.01,7.97,8.387
9/10/10,6.05,6.3,6.294,6.835,7.197,7.709,7.987,7.913,8.383
9/17/10,6.15,6.4,6.493,7.014,7.36,7.771,8.027,7.985,8.413
9/24/10,6.2,6.45,6.475,6.984,7.275,7.687,7.925,7.867,8.367
10/1/10,6.25,6.5,6.526,7.027,7.278,7.752,7.927,7.912,8.363
10/8/10,6.45,6.55,6.663,7.106,7.289,7.78,7.992,7.991,8.422
10/15/10,6.55,6.75,6.621,7.118,7.285,7.809,8.005,8.07,8.426
10/22/10,6.7,6.8,7.053,7.13,7.3,7.804,7.955,8.147,8.473
10/29/10,6.85,7.1,6.906,7.257,7.284,7.83,7.967,8.121,8.465
11/5/10,6.75,6.95,6.617,7.161,7.22,7.793,7.861,7.985,8.413
11/12/10,6.85,7.15,7.218,7.258,7.372,7.827,7.977,8.089,8.489
11/19/10,6.75,7.05,7.07,7.174,7.348,7.852,7.938,8.03,8.479
11/26/10,6.85,7.15,7.346,7.304,7.402,7.863,7.912,7.968,8.446
12/3/10,7,7.25,7.283,7.339,7.456,7.978,8.049,8.178,8.503
12/10/10,7.15,7.25,7.438,7.391,7.465,8.039,8.032,8.097,8.513
12/17/10,7.05,7.2,7.356,7.46,7.405,7.833,7.883,7.959,8.434
12/24/10,7.15,7.3,7.387,7.476,7.439,7.868,7.834,7.916,8.449
12/31/10,7.2,7.35,7.49,7.508,7.529,7.853,7.842,7.913,8.429
1/7/11,7.15,7.35,7.445,7.46,7.599,7.985,8.022,8.199,8.481
1/14/11,7.15,7.3,7.543,7.701,7.811,8.052,8.153,8.191,8.537
1/21/11,7.2,7.45,7.696,7.795,7.867,8.114,8.19,8.171,8.573
1/28/11,7.2,7.45,7.538,7.751,7.873,8.101,8.188,8.132,8.551
2/4/11,7.2,7.5,7.618,7.768,7.93,8.177,8.205,8.196,8.588
2/11/11,7.2,7.45,7.499,7.75,7.912,8.17,8.173,8.127,8.564
2/18/11,7.2,7.5,7.554,7.732,7.911,8.14,8.158,8.099,8.552
2/25/11,7.15,7.55,7.548,7.723,7.918,8.116,8.128,8.079,8.547
3/4/11,7.15,7.45,7.515,7.682,7.845,8.044,8.078,7.942,8.46
3/11/11,7.15,7.5,7.481,7.657,7.826,8.018,8.037,7.965,8.401
3/18/11,7.25,7.55,7.569,7.673,7.852,8.056,8.076,8.005,8.387
3/25/11,7.3,7.55,7.583,7.638,7.874,8.04,8.041,7.992,8.357
4/1/11,7.25,7.5,7.529,7.579,7.885,7.995,8.084,7.985,8.361
4/8/11,7.15,7.35,7.632,7.595,7.866,7.978,8.084,7.965,8.429
4/15/11,7.23,7.5,7.618,7.648,7.95,8.077,8.165,8.064,8.469
4/22/11,7.45,7.6,7.801,7.817,8.022,8.135,8.217,8.11,8.5
4/29/11,7.6,7.75,7.907,7.955,8.088,8.239,8.189,8.135,8.497
5/6/11,7.95,8.05,8.066,8.033,8.127,8.397,8.328,8.183,8.603
5/13/11,8.05,8.15,8.109,8.171,8.21,8.383,8.401,8.276,8.648
5/20/11,8.15,8.2,8.177,8.193,8.242,8.489,8.478,8.354,8.663
5/27/11,8.2,8.3,8.248,8.27,8.279,8.515,8.547,8.457,8.703
6/3/11,8.2,8.25,8.214,8.231,8.227,8.377,8.342,8.268,8.623
6/10/11,8.15,8.2,8.205,8.183,8.162,8.301,8.296,8.235,8.592
6/17/11,8.15,8.25,8.209,8.176,8.167,8.342,8.313,8.275,8.601
6/24/11,8.14,8.17,8.063,8.127,8.126,8.332,8.316,8.247,8.551
7/1/11,8.2,8.2,8.115,8.228,8.21,8.389,8.39,8.354,8.66
7/8/11,8.15,8.25,8.092,8.205,8.252,8.368,8.382,8.355,8.656
7/15/11,8.1,8.15,8.068,8.124,8.136,8.299,8.299,8.278,8.599
7/22/11,8.1,8.2,8.152,8.185,8.192,8.315,8.33,8.314,8.613
7/29/11,8.4,8.45,8.377,8.37,8.333,8.443,8.484,8.454,8.723
8/5/11,8.3,8.35,8.316,8.305,8.249,8.318,8.34,8.316,8.639
8/12/11,8.3,8.25,8.226,8.169,8.162,8.275,8.319,8.3,8.594
8/19/11,8.35,8.35,8.201,8.221,8.132,8.275,8.28,8.257,8.583
8/26/11,8.35,8.35,8.286,8.214,8.164,8.247,8.342,8.303,8.593
9/2/11,8.4,8.43,8.309,8.25,8.222,8.358,8.378,8.349,8.668
9/9/11,8.35,8.34,8.273,8.218,8.21,8.324,8.335,8.314,8.637
9/16/11,8.45,8.4,8.369,8.311,8.222,8.362,8.373,8.362,8.649
9/23/11,8.4,8.42,8.403,8.279,8.233,8.317,8.326,8.302,8.594
9/30/11,8.45,8.5,8.277,8.357,8.303,8.413,8.443,8.442,8.675
10/7/11,8.45,8.5,8.478,8.437,8.365,8.606,8.681,8.666,8.962
10/14/11,8.55,8.65,8.597,8.472,8.419,8.722,8.796,8.784,8.966
10/21/11,8.65,8.7,8.706,8.506,8.425,8.759,8.802,8.82,8.961
10/28/11,8.64,8.7,8.732,8.571,8.529,8.836,8.859,8.852,9.008
11/4/11,8.65,8.7,8.677,8.659,8.669,8.829,8.872,8.968,9.004
11/11/11,8.85,8.9,8.755,8.67,8.657,8.898,8.996,9.054,9.275
11/18/11,8.8,8.8,8.726,8.578,8.609,8.89,8.886,8.856,9.12
11/25/11,8.9,8.87,8.802,8.617,8.663,8.805,8.804,8.811,9.233
12/2/11,8.75,8.65,8.514,8.389,8.552,8.657,8.601,8.647,8.973
12/9/11,8.65,8.55,8.492,8.234,8.356,8.585,8.482,8.533,8.82
12/16/11,8.5,8.4,8.469,8.084,8.115,8.345,8.331,8.379,8.661
12/23/11,8.45,8.35,8.445,8.06,8.053,8.364,8.398,8.365,8.7
12/30/11,8.6,8.53,8.559,8.18,8.148,8.578,8.537,8.56,8.781
1/6/12,8.45,8.35,8.244,8.011,8.094,8.28,8.223,8.219,8.564
1/13/12,8.55,8.4,8.324,7.98,8.032,8.216,8.196,8.192,8.544
1/20/12,8.65,8.55,8.376,7.969,7.977,8.166,8.201,8.181,8.486
1/27/12,8.75,8.55,8.585,8.126,8.247,8.389,8.463,8.354,8.626
2/3/12,8.8,8.65,8.566,7.912,8.054,8.223,8.27,8.164,8.569
2/10/12,8.9,8.7,8.616,7.943,8.108,8.263,8.285,8.194,8.5
2/17/12,8.95,8.7,8.76,8.011,8.163,8.238,8.299,8.185,8.567
2/24/12,9,8.7,8.746,8.042,8.203,8.325,8.332,8.226,8.577
3/2/12,9.05,8.75,8.747,8.028,8.188,8.323,8.323,8.224,8.571
3/9/12,9.05,8.75,8.133,8.062,8.215,8.351,8.353,8.281,8.631
3/16/12,9,8.75,8.262,8.208,8.344,8.474,8.507,8.422,8.649
3/23/12,9,8.7,8.212,8.13,8.296,8.42,8.458,8.376,8.644
3/30/12,8.95,8.65,8.062,7.963,8.14,8.57,8.619,8.572,8.743
4/6/12,8.75,8.6,8.147,8.079,8.248,8.677,8.725,8.688,9.047
4/13/12,8.65,8.5,7.914,7.832,8.021,8.436,8.497,8.468,8.814
4/20/12,8.35,8.3,7.835,7.773,7.94,8.356,8.547,8.543,8.809
4/27/12,8.4,8.35,7.946,7.894,8.05,8.468,8.635,8.647,8.782
5/4/12,8.45,8.4,8.085,8.097,8.195,8.364,8.643,8.63,8.994
5/11/12,8.4,8.4,8.822,8.114,8.216,8.381,8.578,8.565,8.925
5/18/12,8.4,8.4,8.083,8.085,8.2,8.358,8.476,8.525,8.924
5/25/12,8.4,8.46,8.086,8.091,8.199,8.347,8.447,8.509,8.895
6/1/12,8.27,8.3,7.993,7.99,8.101,8.215,8.319,8.369,8.691
6/8/12,8.22,8.15,7.855,7.847,7.972,8.183,8.209,8.354,8.6
6/15/12,8.15,8.05,7.803,7.809,7.911,8.162,8.134,8.336,8.609
6/22/12,8.3,8.25,7.974,7.952,8.004,8.213,8.165,8.346,8.633
6/29/12,8.31,8.24,7.996,7.989,8.028,8.184,8.259,8.38,8.662
7/6/12,8.25,8.25,7.942,7.933,7.973,8.148,8.257,8.154,8.631
7/13/12,8.24,8.15,7.907,7.895,7.941,8.096,8.213,8.096,8.608
7/20/12,8.2,8.1,7.89,7.875,7.893,8.043,8.163,8.075,8.569
7/27/12,8.15,8.1,7.942,7.893,7.889,8.09,8.125,8.119,8.575
8/3/12,8.3,8.25,8.003,7.969,7.981,8.18,8.244,8.256,8.649
8/10/12,8.22,8.22,7.927,7.924,8.014,8.132,8.186,8.164,8.635
8/17/12,8.3,8.25,7.892,7.879,7.975,8.185,8.246,8.237,8.653
8/24/12,8.26,8.28,7.893,7.891,7.996,8.193,8.261,8.207,8.635
8/31/12,8.23,8.23,7.895,7.917,8.004,8.226,8.279,8.241,8.625
9/7/12,8.16,8.19,7.883,7.918,7.992,8.208,8.229,8.2,8.602
9/14/12,8.16,8.17,7.892,7.932,8.002,8.196,8.27,8.177,8.574
9/21/12,8.15,8.1,7.891,7.947,8.003,8.165,8.259,8.165,8.54
9/28/12,8.1,8.1,7.89,7.928,8,8.173,8.251,8.149,8.48
10/5/12,8.1,8.1,7.877,7.907,7.989,8.158,8.218,8.159,8.428
10/12/12,8.1,8.1,7.804,7.815,7.913,8.135,8.199,8.169,8.421
10/19/12,8.14,8.11,7.814,7.812,7.919,8.107,8.16,8.128,8.352
10/26/12,8.1,8.09,7.85,7.838,7.938,8.086,8.156,8.128,8.363
11/2/12,8.2,8.15,7.886,8.044,7.977,8.17,8.235,8.197,8.403
11/9/12,8.16,8.16,7.886,7.929,7.97,8.166,8.226,8.215,8.425
11/16/12,8.15,8.15,7.847,7.881,7.933,8.169,8.205,8.193,8.422
11/23/12,8.17,8.16,7.915,8.011,7.997,8.207,8.243,8.23,8.499
11/30/12,8.18,8.16,8.029,8.035,7.968,8.157,8.191,8.175,8.465
12/7/12,8.18,8.15,7.991,8.003,7.929,8.11,8.182,8.159,8.396
12/14/12,8.17,8.16,7.982,8.011,7.949,8.074,8.177,8.142,8.385
12/21/12,8.15,8.15,7.987,8.044,7.898,8.096,8.179,8.143,8.386
12/28/12,8.18,8.15,8.021,8.068,7.934,8.064,8.153,8.106,8.34
1/4/13,8.07,8.06,7.996,7.952,7.832,7.857,7.961,7.93,8.147
1/11/13,8.04,8.01,8.069,8.063,7.733,7.837,7.939,7.866,8.032
1/18/13,7.99,7.98,7.934,7.746,7.783,7.944,7.968,7.861,8.039
1/25/13,8,7.94,7.917,7.688,7.763,7.973,7.976,7.885,8.097
2/1/13,7.97,7.97,7.844,7.753,7.76,7.957,7.983,7.905,8.111
2/8/13,7.97,7.97,7.789,7.719,7.729,7.936,7.946,7.843,8.063
2/15/13,8,7.99,7.796,7.737,7.799,7.922,7.936,7.832,8.043
2/22/13,8.04,8,7.813,7.741,7.808,7.901,7.895,7.799,8.035
3/1/13,8.15,8.07,7.853,7.771,7.825,7.972,7.968,7.908,8.167
3/8/13,8.11,8.04,7.844,7.746,7.824,7.895,7.912,7.839,8.125
3/15/13,8.1,8.05,7.794,7.701,7.769,7.881,7.91,7.861,8.138
3/22/13,8,7.92,7.864,7.796,7.869,7.968,7.951,7.961,8.23
3/29/13,7.96,7.9,7.824,7.74,7.796,7.964,7.923,7.951,8.247
4/5/13,7.85,7.81,7.73,7.694,7.764,7.933,7.94,7.931,8.217
4/12/13,7.84,7.79,7.697,7.575,7.685,7.78,7.838,7.869,8.086
4/19/13,7.69,7.71,7.572,7.497,7.585,7.681,7.692,7.777,7.963
4/26/13,7.59,7.57,7.496,7.438,7.48,7.609,7.621,7.743,7.92
5/3/13,7.55,7.51,7.463,7.425,7.394,7.508,7.561,7.735,7.929
5/10/13,7.46,7.45,7.304,7.376,7.4,7.413,7.425,7.586,7.696
5/17/13,7.24,7.25,7.231,7.256,7.274,7.309,7.283,7.404,7.515
5/24/13,7.3,7.29,7.202,7.22,7.213,7.258,7.248,7.341,7.434
5/31/13,7.35,7.33,7.258,7.319,7.348,7.366,7.397,7.443,7.496
6/7/13,7.36,7.34,7.353,7.289,7.362,7.347,7.329,7.242,7.494
6/14/13,7.44,7.42,7.439,7.373,7.412,7.474,7.46,7.314,7.622
6/21/13,7.47,7.46,7.479,7.54,7.644,7.628,7.603,7.433,7.716
6/28/13,7.48,7.48,7.508,7.56,7.502,7.592,7.647,7.439,7.821
7/5/13,7.4,7.44,7.659,7.635,7.575,7.723,7.699,7.497,7.856
7/12/13,7.46,7.47,7.694,7.593,7.558,7.787,7.727,7.535,7.944
7/19/13,8.54,8.6,8.333,8.297,8.242,8.189,8.283,7.939,8.523
7/26/13,10.74,10.49,9.025,8.874,8.811,8.564,8.591,8.162,8.58
8/2/13,10.53,10.26,9.125,8.997,8.918,8.822,8.658,8.283,8.812
8/9/13,10.57,10.3,9.427,8.904,8.761,8.69,8.559,8.125,8.726
8/16/13,11.33,11.1,9.779,9.231,9.255,9.227,9.244,8.884,9.333
8/23/13,10.9,10.58,9.437,8.876,8.986,8.996,8.815,8.264,8.866
8/30/13,11.18,10.92,10.23,9.27,9.232,9.209,9.149,8.596,9.099
9/6/13,10.68,10.43,9.45,8.975,8.899,8.964,8.968,8.631,8.967
9/13/13,10.66,10.16,9.73,8.926,8.799,8.954,8.877,8.487,9.019
9/20/13,9.84,9.52,9.626,8.686,8.6,8.778,8.879,8.578,9.056
9/27/13,9.65,9.47,9.38,8.65,8.631,8.709,9.018,8.71,9.27
10/4/13,9.43,9.26,8.916,8.456,8.448,8.619,8.774,8.613,9.238
10/11/13,8.87,8.77,8.856,8.305,8.19,8.428,8.634,8.489,9.018
10/18/13,8.8,8.74,8.949,8.406,8.271,8.513,8.738,8.552,9.066
10/25/13,8.77,8.67,8.91,8.36,8.275,8.495,8.742,8.579,9.073
11/1/13,8.63,8.6,8.879,8.333,8.297,8.586,8.795,8.7,9.048
11/8/13,8.68,8.75,8.832,8.581,8.522,8.772,9.04,8.99,9.335
11/15/13,8.92,8.88,8.741,8.491,8.638,8.691,8.983,8.918,9.277
11/22/13,8.97,9.04,9.082,8.532,8.52,8.624,8.993,9.099,9.234
11/29/13,8.87,8.91,8.971,8.335,8.451,8.652,8.887,9.044,9.175
12/6/13,8.7,8.84,8.95,8.315,8.491,8.692,9,9.165,9.266
12/13/13,8.71,8.89,8.941,8.427,8.532,8.982,9.123,8.911,9.397
12/20/13,8.64,8.83,9.019,8.433,8.513,8.861,8.988,8.797,9.243
12/27/13,8.68,8.89,9.203,8.653,8.766,9.048,9.15,8.959,9.394
1/3/14,8.71,8.76,8.485,8.53,8.619,8.925,9.048,8.834,9.269
1/10/14,8.72,8.75,8.663,8.598,8.624,8.843,8.966,8.758,9.182
1/17/14,8.7,8.73,8.635,8.464,8.502,8.667,8.793,8.627,8.997
1/24/14,8.73,8.71,8.661,8.476,8.534,8.767,8.924,8.738,9.026
1/31/14,8.92,8.95,8.826,8.591,8.654,8.86,9.041,8.77,9.236
2/7/14,8.96,8.95,8.859,8.594,8.649,8.847,9.023,8.736,9.137
2/14/14,9.05,9.04,9.147,8.761,8.739,8.942,9.154,8.808,9.219
2/21/14,9.06,9.05,8.977,8.634,8.614,8.914,9.146,8.795,9.231
2/28/14,9.14,9.11,8.967,8.635,8.613,8.971,9.205,8.862,9.225
3/7/14,9.18,9.11,8.962,8.586,8.771,8.964,9.172,8.811,9.179
3/14/14,9.18,9.07,8.577,8.516,8.738,8.914,9.083,8.791,9.14
3/21/14,8.82,8.89,8.542,8.442,8.663,8.895,9.089,8.795,9.114
3/28/14,8.55,8.76,8.495,8.435,8.621,8.86,9.041,8.804,9.086
4/4/14,8.82,8.9,8.647,8.587,8.769,9.075,9.289,9.065,9.384
4/11/14,8.85,8.95,8.536,8.485,8.643,8.955,9.129,8.941,9.312
4/18/14,8.83,8.9,8.509,8.53,8.609,8.821,9.028,8.85,9.193
4/25/14,8.86,8.92,8.628,8.595,8.608,8.841,8.999,8.883,9.134
5/2/14,8.87,8.91,8.537,8.522,8.534,8.787,8.916,8.808,9.071
5/9/14,8.83,8.85,8.572,8.553,8.585,8.762,8.903,8.746,9.019
5/16/14,8.8,8.83,8.458,8.472,8.502,8.778,8.937,8.834,9.048
5/23/14,8.57,8.67,8.289,8.32,8.352,8.568,8.737,8.637,8.874
5/30/14,8.54,8.61,8.288,8.344,8.373,8.544,8.697,8.645,8.776
6/6/14,8.48,8.54,8.153,8.242,8.292,8.342,8.457,8.512,8.566
6/13/14,8.55,8.58,8.302,8.224,8.374,8.473,8.621,8.595,8.574
6/20/14,8.53,8.64,8.375,8.297,8.473,8.586,8.744,8.724,8.749
6/27/14,8.54,8.65,8.285,8.186,8.357,8.621,8.739,8.747,8.781
7/4/14,8.47,8.6,8.27,8.167,8.373,8.554,8.658,8.663,8.684
7/11/14,8.59,8.67,8.314,8.205,8.417,8.639,8.773,8.767,8.789
7/18/14,8.59,8.67,8.265,8.161,8.363,8.612,8.742,8.769,8.744
7/25/14,8.6,8.65,8.165,8.083,8.238,8.423,8.564,8.671,8.687
8/1/14,8.61,8.66,8.689,8.153,8.313,8.49,8.642,8.755,8.755
8/8/14,8.65,8.74,8.722,8.588,8.541,8.726,8.818,8.852,8.891
8/15/14,8.65,8.71,8.631,8.514,8.475,8.583,8.67,8.713,8.811
8/22/14,8.61,8.67,8.501,8.335,8.477,8.563,8.736,8.516,8.738
8/29/14,8.63,8.69,8.636,8.452,8.523,8.612,8.811,8.559,8.779
9/5/14,8.59,8.63,8.713,8.415,8.489,8.582,8.736,8.522,8.756
9/12/14,8.61,8.67,8.724,8.468,8.512,8.565,8.721,8.501,8.729
9/19/14,8.59,8.67,8.546,8.382,8.349,8.494,8.653,8.455,8.659
9/26/14,8.54,8.63,8.643,8.414,8.355,8.485,8.668,8.441,8.656
10/3/14,8.49,8.64,8.645,8.413,8.344,8.536,8.709,8.477,8.683
10/10/14,8.5,8.58,8.618,8.423,8.329,8.477,8.64,8.456,8.663
10/17/14,8.48,8.54,8.565,8.286,8.327,8.395,8.581,8.389,8.576
10/24/14,8.43,8.5,8.526,8.292,8.312,8.369,8.547,8.356,8.517
10/31/14,8.4,8.44,8.358,8.21,8.211,8.266,8.406,8.278,8.36
11/7/14,8.3,8.37,8.311,8.172,8.178,8.169,8.292,8.209,8.295
11/14/14,8.35,8.39,8.351,8.215,8.218,8.239,8.344,8.215,8.313
11/21/14,8.28,8.35,8.32,8.132,8.125,8.152,8.284,8.168,8.274
11/28/14,8.3,8.35,8.245,8.035,8.13,8.132,8.222,8.087,8.196
12/5/14,8.25,8.31,8.224,7.975,8.061,7.967,8.07,7.936,8.031
12/12/14,8.23,8.28,8.086,7.77,7.834,7.882,7.937,7.83,7.874
12/19/14,8.35,8.39,8.226,7.904,7.999,8.112,8.124,7.96,8.032
12/26/14,8.38,8.43,8.204,7.875,8.014,8.088,8.068,7.978,8.084
1/2/15,8.3,8.36,8.258,7.952,7.965,8.03,8.059,7.872,8.063
1/9/15,8.39,8.29,8.318,7.929,7.937,7.992,8.023,7.844,8.049
1/16/15,8.12,8.04,8.13,7.727,7.685,7.737,7.806,7.706,7.857
1/23/15,8.16,8.06,7.951,7.605,7.681,7.651,7.764,7.704,7.729
1/30/15,8.18,8.08,8.056,7.78,7.723,7.672,7.743,7.691,7.695
2/6/15,8.27,8.18,8.064,7.798,7.752,7.709,7.758,7.7,7.679
2/13/15,8.3,8.23,8.054,7.788,7.748,7.716,7.768,7.697,7.683
2/20/15,8.38,8.3,7.796,7.836,7.759,7.716,7.761,7.695,7.68
2/27/15,8.38,8.31,7.874,7.757,7.781,7.777,7.803,7.724,7.687
3/6/15,8.22,8.1,7.86,7.74,7.759,7.759,7.804,7.705,7.712
3/13/15,8.33,8.15,8.008,7.858,7.86,7.879,7.879,7.796,7.804
3/20/15,8.3,8.15,7.841,7.788,7.749,7.779,7.842,7.746,7.778
3/27/15,8.3,8.2,7.906,7.815,7.794,7.806,7.845,7.776,7.814
4/3/15,7.88,7.75,7.797,7.828,7.776,7.749,7.826,7.738,7.782
4/10/15,7.9,7.9,7.887,7.821,7.78,7.766,7.857,7.801,7.85
4/17/15,7.88,7.92,7.882,7.759,7.752,7.763,7.86,7.791,7.854
4/24/15,7.95,7.98,7.869,7.818,7.77,7.776,7.856,7.787,7.867
5/1/15,7.95,7.92,7.866,7.882,7.846,7.875,7.911,7.86,7.901
5/8/15,7.99,8,7.961,7.676,7.904,8.029,8.047,7.977,8.036
5/15/15,7.95,7.94,7.915,7.818,7.904,7.946,8.027,7.946,8.063
5/22/15,7.85,7.85,7.832,7.733,7.785,7.851,7.962,7.858,7.964
5/29/15,7.85,7.82,7.728,7.784,7.765,7.841,7.946,7.815,7.955
6/5/15,7.65,7.7,7.703,7.846,7.887,8.009,8.08,7.983,8.134
6/12/15,7.73,7.7,7.688,7.83,7.932,8.125,8.184,7.886,8.221
6/19/15,7.72,7.75,7.579,7.807,7.831,7.888,7.993,7.708,8.062
6/26/15,7.68,7.75,7.702,7.779,7.892,8.014,8.099,7.821,8.146
7/3/15,7.63,7.65,7.562,7.749,7.847,7.983,8.092,7.799,8.092
7/10/15,7.51,7.58,7.543,7.706,7.81,7.939,8.086,7.802,8.044
7/17/15,7.53,7.6,7.584,7.78,7.893,7.993,8.123,7.83,8.094
7/24/15,7.47,7.55,7.586,7.781,7.885,7.996,8.094,7.83,8.079
7/31/15,7.44,7.53,7.586,7.807,7.856,7.935,8.051,7.806,8.022
8/7/15,7.39,7.53,7.557,7.832,7.869,7.949,8.052,7.809,8.013
8/14/15,7.38,7.49,7.506,7.858,7.811,7.87,7.967,7.745,7.959
8/21/15,7.42,7.49,7.448,7.726,7.811,7.893,7.991,7.784,7.968
8/28/15,7.41,7.47,7.42,7.652,7.811,7.892,8.019,7.777,7.986
9/4/15,7.4,7.47,7.426,7.688,7.79,7.883,7.994,7.753,7.973
9/11/15,7.45,7.49,7.443,7.684,7.791,7.897,8.005,7.771,7.989
9/18/15,7.47,7.5,7.415,7.637,7.721,7.84,7.938,7.697,7.909
9/25/15,7.4,7.45,7.422,7.59,7.713,7.856,7.972,7.715,7.939
10/2/15,7.02,7.1,7.247,7.554,7.514,7.651,7.807,7.561,7.82
10/9/15,7.04,7.1,7.165,7.499,7.535,7.644,7.738,7.545,7.786
10/16/15,7.06,7.11,7.167,7.487,7.5,7.642,7.782,7.564,7.811
10/23/15,7.1,7.15,7.169,7.474,7.483,7.648,7.791,7.585,7.795
10/30/15,7.11,7.15,7.198,7.411,7.485,7.675,7.829,7.64,7.853
11/6/15,7.09,7.15,7.243,7.424,7.481,7.699,7.815,7.685,7.879
11/13/15,7.12,7.2,7.234,7.457,7.473,7.7,7.833,7.646,7.868
11/20/15,7.14,7.21,7.24,7.425,7.498,7.759,7.873,7.697,7.919
11/27/15,7.15,7.2,7.246,7.466,7.495,7.816,7.957,7.766,7.979
12/4/15,7.15,7.2,7.253,7.365,7.445,7.762,7.925,7.757,8
12/11/15,7.17,7.23,7.245,7.386,7.605,7.759,7.929,7.773,8.015
12/18/15,7.2,7.24,7.174,7.302,7.606,7.749,7.884,7.725,8.054
12/25/15,7.21,7.25,7.196,7.239,7.661,7.723,7.871,7.749,8.05
1/1/16,7.14,7.25,7.236,7.331,7.588,7.692,7.853,7.727,8.076
1/8/16,7.2,7.22,7.245,7.269,7.555,7.649,7.812,7.741,8.066
1/15/16,7.25,7.24,7.255,7.272,7.559,7.713,7.853,7.806,8.17
1/22/16,7.25,7.24,7.174,7.238,7.481,7.652,7.817,7.775,8.132
1/29/16,7.25,7.24,7.22,7.325,7.444,7.614,7.801,7.779,8.231
2/5/16,7.32,7.26,7.231,7.253,7.475,7.641,7.828,7.822,8.251
2/12/16,7.31,7.28,7.259,7.368,7.493,7.662,7.944,7.723,8.271
2/19/16,7.32,7.29,7.247,7.401,7.561,7.765,8.034,7.738,8.312
2/26/16,7.31,7.3,7.281,7.589,7.75,7.954,8.209,7.779,8.368
3/4/16,7.21,7.23,7.297,7.457,7.575,7.752,7.991,7.633,8.192
3/11/16,7.24,7.22,7.296,7.486,7.62,7.794,8.025,7.627,8.201
3/18/16,7.22,7.19,7.245,7.363,7.506,7.684,7.899,7.52,8.017
3/25/16,7.21,7.19,7.222,7.295,7.465,7.647,7.834,7.507,7.934
4/1/16,7.08,7.1,7.2,7.271,7.376,7.524,7.745,7.459,7.912
4/8/16,6.83,6.85,7.01,7.132,7.268,7.436,7.657,7.447,7.822
4/15/16,6.8,6.83,7.044,7.146,7.294,7.449,7.621,7.435,7.797
4/22/16,6.79,6.85,7.034,7.161,7.269,7.467,7.634,7.456,7.813
4/29/16,6.83,6.84,7,7.164,7.266,7.458,7.631,7.435,7.835
5/6/16,6.82,6.88,7.033,7.123,7.255,7.43,7.625,7.435,7.85
5/13/16,6.83,6.89,7.033,7.116,7.241,7.41,7.61,7.448,7.849
5/20/16,6.84,6.93,7.056,7.119,7.241,7.447,7.628,7.476,7.863
5/27/16,6.84,6.94,7.034,7.117,7.231,7.43,7.621,7.47,7.861
6/3/16,6.82,6.96,7.097,7.105,7.223,7.438,7.635,7.488,7.836
6/10/16,6.79,6.88,7.025,7.08,7.199,7.405,7.631,7.491,7.844
6/17/16,6.75,6.89,6.988,7.078,7.186,7.399,7.624,7.501,7.85
6/24/16,6.75,6.82,7.001,7.04,7.143,7.435,7.617,7.473,7.828
7/1/16,6.54,6.78,6.936,7.026,7.126,7.346,7.516,7.419,7.709
7/8/16,6.54,6.71,6.867,6.968,7.039,7.223,7.418,7.384,7.683
7/15/16,6.56,6.69,6.824,6.898,6.944,7.114,7.284,7.272,7.584
7/22/16,6.55,6.7,6.85,6.882,6.934,7.106,7.223,7.249,7.534
7/29/16,6.53,6.73,6.821,6.855,6.9,7.044,7.157,7.163,7.38
8/5/16,6.54,6.65,6.848,6.845,6.914,7.075,7.167,7.166,7.362
8/12/16,6.56,6.69,6.798,6.833,6.887,7.039,7.091,7.101,7.221
8/19/16,6.56,6.7,6.798,6.837,6.877,7.025,7.107,7.099,7.275
8/26/16,6.55,6.66,6.811,6.84,6.882,7.037,7.104,7.127,7.278
9/2/16,6.56,6.66,6.792,6.829,6.871,7.002,7.104,7.119,7.258
9/9/16,6.54,6.66,6.723,6.773,6.808,6.909,7.021,7.057,7.203
9/16/16,6.51,6.64,6.791,6.762,6.785,6.937,7.027,7.051,7.229
9/23/16,6.52,6.58,6.8,6.703,6.708,6.888,6.945,6.966,7.167
9/30/16,6.45,6.55,6.631,6.691,6.701,6.865,6.951,6.958,7.172
10/7/16,6.36,6.42,6.538,6.581,6.59,6.724,6.823,6.848,7.14
10/14/16,6.37,6.44,6.541,6.571,6.594,6.733,6.837,6.852,7.174
10/21/16,6.39,6.45,6.589,6.554,6.564,6.72,6.831,6.848,7.181
10/28/16,6.35,6.44,6.61,6.543,6.56,6.701,6.844,6.885,7.198
11/4/16,6.43,6.46,6.544,6.55,6.565,6.725,6.89,6.838,7.249
11/11/16,6.26,6.35,6.348,6.403,6.406,6.57,6.743,6.722,7.143
11/18/16,5.98,6.03,6.107,6.235,6.231,6.355,6.478,6.428,6.925
11/25/16,5.75,5.8,5.979,5.932,5.989,6.147,6.224,6.229,6.644
12/2/16,6,6.02,6.072,6.021,6.023,6.209,6.311,6.241,6.675
12/9/16,6.23,6.16,6.273,6.234,6.221,6.404,6.515,6.437,6.93
12/16/16,6.19,6.24,6.222,6.294,6.288,6.554,6.601,6.504,7.105
12/23/16,6.21,6.23,6.344,6.311,6.481,6.629,6.679,6.544,7.082
12/30/16,6.22,6.32,6.326,6.372,6.454,6.616,6.633,6.512,7.112
1/6/17,6.19,6.19,6.279,6.324,6.355,6.504,6.552,6.385,6.963
1/13/17,6.25,6.23,6.264,6.33,6.361,6.508,6.56,6.417,7.039
1/20/17,6.23,6.23,6.292,6.308,6.396,6.552,6.601,6.462,7.023
1/27/17,6.23,6.2,6.286,6.273,6.331,6.542,6.554,6.398,7.036
2/3/17,6.17,6.16,6.195,6.243,6.303,6.512,6.566,6.408,7.029
2/10/17,6.26,6.29,6.411,6.468,6.608,6.797,6.951,6.805,7.356
2/17/17,6.19,6.25,6.362,6.457,6.58,6.939,6.988,6.849,7.411
2/24/17,6.13,6.21,6.339,6.469,6.617,6.979,7.05,6.915,7.405
3/3/17,6,6.16,6.355,6.437,6.616,6.996,7.065,6.771,7.411
3/10/17,5.93,6.07,6.299,6.502,6.732,7.102,7.175,6.904,7.482
3/17/17,5.95,6.06,6.316,6.487,6.663,7.055,7.101,6.86,7.427
3/24/17,5.86,5.98,6.221,6.426,6.573,6.93,6.968,6.828,7.388
3/31/17,5.8,5.9,6.239,6.455,6.569,6.828,6.891,6.658,7.347
4/7/17,5.95,6.11,6.366,6.544,6.733,6.99,7.031,6.819,7.343
4/14/17,5.95,6.1,6.39,6.488,6.655,6.949,6.949,6.821,7.334
4/21/17,6.08,6.33,6.424,6.558,6.717,6.995,7.009,6.918,7.398
4/28/17,6.2,6.29,6.401,6.593,6.782,7.025,7.075,6.961,7.456
5/5/17,6.28,6.38,6.486,6.578,6.726,7.045,7.078,6.942,7.482
5/12/17,6.3,6.36,6.457,6.61,6.721,7.028,7.024,6.905,7.48
5/19/17,6.3,6.41,6.449,6.563,6.674,6.968,7.014,6.854,7.395
5/26/17,6.24,6.39,6.371,6.498,6.63,6.954,6.905,6.787,7.358
6/2/17,6.27,6.35,6.512,6.466,6.568,6.915,6.865,6.624,7.287
6/9/17,6.28,6.29,6.357,6.322,6.461,6.681,6.708,6.501,7.087
6/16/17,6.26,6.3,6.347,6.361,6.468,6.677,6.716,6.49,7.083
6/23/17,6.26,6.3,6.385,6.361,6.458,6.649,6.7,6.459,7.051
6/30/17,6.3,6.33,6.408,6.376,6.504,6.716,6.749,6.511,7.115
7/7/17,6.28,6.34,6.372,6.355,6.538,6.735,6.778,6.529,7.12
7/14/17,6.18,6.29,6.335,6.306,6.478,6.558,6.782,6.463,7.075
7/21/17,6.08,6.21,6.339,6.29,6.422,6.502,6.709,6.436,7.038
7/28/17,6.13,6.23,6.29,6.293,6.427,6.541,6.76,6.462,7.075
8/4/17,6.1,6.15,6.203,6.242,6.351,6.431,6.638,6.438,7.026
8/11/17,6.12,6.23,6.308,6.341,6.362,6.494,6.713,6.502,7.079
8/18/17,6.12,6.22,6.311,6.341,6.396,6.493,6.726,6.509,7.075
8/25/17,6.14,6.22,6.291,6.35,6.396,6.498,6.721,6.538,7.141
9/1/17,6.11,6.2,6.27,6.321,6.378,6.477,6.685,6.483,7.113
9/8/17,6.09,6.2,6.303,6.335,6.393,6.508,6.72,6.543,7.141
9/15/17,6.09,6.2,6.275,6.363,6.405,6.547,6.794,6.598,7.179
9/22/17,6.1,6.23,6.293,6.416,6.449,6.66,6.874,6.663,7.272
9/29/17,6.08,6.2,6.05,6.402,6.42,6.63,6.86,6.663,7.268
10/6/17,6.07,6.18,6.226,6.432,6.466,6.712,6.909,6.757,7.336
10/13/17,6.08,6.19,6.269,6.408,6.471,6.663,6.871,6.734,7.27
10/20/17,6.1,6.2,6.256,6.424,6.447,6.658,6.855,6.76,7.285
10/27/17,6.1,6.19,6.208,6.444,6.472,6.721,6.889,6.807,7.306
11/3/17,6.1,6.21,6.313,6.471,6.508,6.723,6.896,6.858,7.299
11/10/17,6.1,6.21,6.308,6.503,6.572,6.791,6.975,6.956,7.355
11/17/17,6.11,6.2,6.356,6.602,6.701,6.897,7.105,7.049,7.409
11/24/17,6.12,6.2,6.362,6.589,6.661,6.877,7.05,7.002,7.423
12/1/17,6.13,6.23,6.349,6.582,6.651,6.891,7.063,7.058,7.458
12/8/17,6.11,6.23,6.364,6.584,6.623,6.93,7.088,7.089,7.458
12/15/17,6.16,6.3,6.417,6.609,6.688,6.97,7.153,7.134,7.471
12/22/17,6.2,6.31,6.49,6.726,6.898,7.069,7.316,7.271,7.523
12/29/17,6.22,6.34,6.601,6.729,6.963,7.138,7.354,7.326,7.642
1/5/18,6.3,6.35,6.561,6.738,6.979,7.148,7.274,7.288,7.615
1/12/18,6.32,6.4,6.611,6.818,7.061,7.245,7.399,7.455,7.783
1/19/18,6.38,6.41,6.594,6.855,7.071,7.251,7.459,7.479,7.666
1/26/18,6.41,6.47,6.599,6.797,7.043,7.234,7.465,7.307,7.774
2/2/18,6.42,6.51,6.67,6.925,7.156,7.423,7.681,7.562,7.829
2/9/18,6.39,6.51,6.62,6.82,7.085,7.321,7.617,7.49,7.865
2/16/18,6.34,6.47,6.65,6.796,7.099,7.369,7.649,7.577,7.896
2/23/18,6.32,6.48,6.658,6.84,7.157,7.444,7.717,7.667,7.975
3/2/18,6.31,6.49,6.647,6.864,7.193,7.469,7.744,7.738,7.981
3/9/18,6.25,6.45,6.628,6.875,7.219,7.428,7.689,7.671,7.94
3/16/18,6.19,6.37,6.549,6.771,7.118,7.33,7.609,7.557,7.822
3/23/18,6.15,6.35,6.609,6.899,7.14,7.372,7.667,7.557,7.875
3/30/18,6.12,6.32,6.563,6.849,7.086,7.315,7.534,7.398,7.632
4/6/18,6.1,6.3,6.453,6.736,6.939,7.103,7.307,7.175,7.524
4/13/18,6.08,6.26,6.543,6.893,7.146,7.347,7.623,7.431,7.65
4/20/18,6.15,6.32,6.654,7.105,7.356,7.64,7.813,7.718,7.866
4/27/18,6.2,6.39,6.786,7.33,7.57,7.78,7.831,7.767,8.021
5/4/18,6.25,6.4,6.83,7.377,7.595,7.767,7.84,7.728,7.96
5/11/18,6.26,6.47,6.864,7.422,7.624,7.786,7.879,7.726,7.943
5/18/18,6.4,6.68,6.899,7.437,7.595,7.766,8.023,7.835,8.111
5/25/18,6.39,6.79,7.081,7.511,7.664,7.794,7.947,7.794,7.973
6/1/18,6.45,6.8,7.068,7.561,7.722,7.841,8.052,7.848,8.137
6/8/18,6.5,6.82,7.062,7.626,7.773,7.977,8.13,7.947,8.215
6/15/18,6.52,6.88,7.033,7.531,7.721,7.913,8.111,7.889,8.067
6/22/18,6.46,6.82,6.982,7.434,7.68,7.848,8.063,7.819,8.04
6/29/18,6.49,6.87,7.019,7.509,7.752,7.945,8.127,7.903,8.095
7/6/18,6.45,6.89,7.233,7.668,7.751,8.04,8.146,7.87,8.077
7/13/18,6.54,6.92,7.207,7.637,7.751,7.95,8.068,7.791,8.121
7/20/18,6.6,6.92,7.211,7.6,7.726,7.934,8.059,7.785,8.07
7/27/18,6.72,6.94,7.248,7.6,7.672,7.921,8.045,7.78,8.19
8/3/18,6.77,6.94,7.249,7.568,7.646,7.847,7.999,7.763,8.094
8/10/18,6.7,6.97,7.221,7.544,7.612,7.804,7.967,7.754,8.133
8/17/18,6.8,7.02,7.299,7.64,7.713,7.922,8.076,7.861,8.193
8/24/18,6.82,7.01,7.299,7.631,7.734,7.938,8.057,7.871,8.206
8/31/18,6.81,7.03,7.341,7.759,7.795,8.009,8.106,7.951,8.246
9/7/18,6.85,7.1,7.694,7.875,7.956,8.095,8.177,8.031,8.307
9/14/18,7.07,7.24,7.864,8.004,8.108,8.193,8.241,8.127,8.363
9/21/18,7.1,7.3,7.766,7.926,8,8.115,8.212,8.076,8.307
9/28/18,6.97,7.37,7.753,7.867,7.958,8.072,8.13,8.024,8.25
10/5/18,6.93,7.38,7.643,7.801,7.844,7.985,8.125,8.024,8.341
10/12/18,6.89,7.25,7.566,7.691,7.754,7.974,8.047,7.984,8.31
10/19/18,6.95,7.23,7.487,7.656,7.73,7.908,7.984,7.921,8.247
10/26/18,6.95,7.19,7.588,7.585,7.665,7.855,7.927,7.877,8.193
11/2/18,6.96,7.19,7.347,7.44,7.619,7.811,7.767,7.781,8.11
11/9/18,6.95,7.2,7.336,7.432,7.511,7.662,7.744,7.765,8.076
11/16/18,6.82,7.13,7.344,7.424,7.553,7.69,7.808,7.815,8.052
11/23/18,6.78,7.08,7.217,7.351,7.5,7.566,7.691,7.71,8.017
11/30/18,6.75,7.05,7.174,7.3,7.419,7.516,7.573,7.607,7.867
12/7/18,6.69,7.01,7.12,7.246,7.237,7.389,7.468,7.464,7.808
12/14/18,6.68,6.96,6.98,7.186,7.227,7.354,7.426,7.441,7.675
12/21/18,6.63,6.88,6.869,7.017,7.065,7.194,7.289,7.276,7.612
12/28/18,6.67,6.89,6.83,7.047,7.09,7.216,7.408,7.391,7.611
1/4/19,6.61,6.81,6.841,7.044,7.106,7.323,7.469,7.448,7.648
1/11/19,6.63,6.76,6.835,7,7.065,7.285,7.441,7.503,7.634
1/18/19,6.6,6.75,6.838,7.03,7.003,7.366,7.537,7.596,7.71
1/25/19,6.58,6.69,6.824,6.999,7.004,7.296,7.482,7.546,7.663
2/1/19,6.55,6.68,6.782,6.988,7.022,7.377,7.553,7.61,7.701
2/8/19,6.38,6.5,6.612,6.781,6.853,7.201,7.429,7.524,7.671
2/15/19,6.37,6.4,6.548,6.725,6.785,7.128,7.41,7.577,7.715
2/22/19,6.43,6.47,6.566,6.705,6.765,7.186,7.446,7.605,7.745
3/1/19,6.42,6.49,6.565,6.677,6.77,7.048,7.389,7.556,7.79
3/8/19,6.41,6.45,6.555,6.663,6.727,7.032,7.376,7.532,7.793
3/15/19,6.32,6.37,6.515,6.554,6.625,6.951,7.319,7.502,7.798
3/22/19,6.28,6.38,6.525,6.596,6.619,6.973,7.307,7.504,7.711
3/29/19,6.12,6.17,6.432,6.515,6.659,6.933,7.293,7.346,7.602
4/5/19,6.21,6.27,6.44,6.57,6.873,7.052,7.343,7.353,7.651
4/12/19,6.31,6.33,6.51,6.699,7.006,7.203,7.434,7.409,7.633
4/19/19,6.34,6.44,6.537,6.726,6.977,7.248,7.462,7.42,7.702
4/26/19,6.39,6.47,6.555,6.766,7.049,7.334,7.443,7.408,7.67
5/3/19,6.47,6.51,6.62,6.755,7.054,7.311,7.414,7.397,7.682
5/10/19,6.45,6.5,6.56,6.718,7.024,7.252,7.419,7.413,7.656
5/17/19,6.35,6.43,6.462,6.594,6.928,7.118,7.289,7.362,7.582
5/24/19,6.25,6.32,6.361,6.499,6.765,6.958,7.237,7.226,7.455
5/31/19,6.12,6.17,6.257,6.397,6.672,6.846,7.06,7.032,7.314
6/7/19,5.92,6.02,6.147,6.273,6.58,6.786,6.958,6.974,7.239
6/14/19,5.98,6.12,6.122,6.219,6.535,6.716,6.9,6.919,7.301
6/21/19,5.97,6.07,6.122,6.218,6.493,6.697,6.84,6.861,7.027
6/28/19,6.01,6.15,6.189,6.298,6.569,6.766,6.911,6.879,7.082
7/5/19,5.89,6.01,6.054,6.167,6.428,6.625,6.762,6.695,6.96
7/12/19,5.85,5.99,6.067,6.179,6.351,6.453,6.571,6.488,6.741
7/19/19,5.73,5.83,5.907,6.057,6.236,6.326,6.484,6.361,6.75
7/26/19,5.74,5.87,5.917,6.101,6.315,6.463,6.7,6.525,6.863
8/2/19,5.65,5.8,5.954,6.011,6.121,6.322,6.49,6.352,6.84
8/9/19,5.42,5.55,5.85,5.908,6.087,6.306,6.433,6.494,6.862
8/16/19,5.48,5.54,5.815,5.895,6.126,6.422,6.474,6.535,6.99
8/23/19,5.41,5.6,5.782,5.899,6.112,6.37,6.451,6.564,6.915
8/30/19,5.42,5.62,5.769,5.836,6.063,6.366,6.431,6.556,7.003
9/6/19,5.32,5.52,5.692,5.779,6.015,6.293,6.424,6.597,7.057
9/13/19,5.33,5.48,5.711,5.774,6.037,6.356,6.486,6.631,7.089
9/20/19,5.32,5.42,5.785,5.728,6.124,6.498,6.671,6.782,7.108
9/27/19,5.41,5.48,5.822,5.906,6.147,6.502,6.593,6.729,7.204
10/4/19,5.24,5.35,5.618,5.782,6.022,6.321,6.47,6.68,7.124
10/11/19,5.2,5.33,5.654,5.753,5.976,6.378,6.862,6.727,7.196
10/18/19,5.08,5.23,5.555,5.668,5.932,6.356,6.812,6.692,7.148
10/25/19,5.1,5.22,5.557,5.637,5.923,6.326,6.82,6.67,7.138
11/1/19,5.04,5.19,5.478,5.617,6.054,6.283,6.799,6.445,7.174
11/8/19,5.08,5.14,5.488,5.673,6.069,6.373,6.838,6.554,7.252
11/15/19,5.06,5.17,5.454,5.597,6.065,6.29,6.778,6.519,7.205
11/22/19,5.04,5.14,5.42,5.558,6.006,6.301,6.744,6.495,7.17
11/29/19,4.91,5.13,5.321,5.524,6.004,6.252,6.731,6.46,7.166
12/6/19,5.02,5.1,5.568,5.727,6.251,6.365,6.921,6.661,7.181
12/13/19,5.04,5.19,5.572,5.782,6.394,6.63,7.018,6.782,7.38
12/20/19,5.04,5.2,5.853,5.878,6.281,6.423,6.898,6.598,7.115
12/27/19,5.02,5.22,5.686,5.82,6.318,6.455,6.842,6.5,7.118
1/3/20,4.99,5.2,5.534,5.758,6.269,6.339,6.777,6.51,7.096
1/10/20,5.05,5.2,5.426,5.69,6.296,6.403,6.851,6.585,7.146
1/17/20,5.1,5.2,5.479,5.747,6.269,6.389,6.857,6.622,7.146
1/24/20,5.12,5.2,5.448,5.703,6.225,6.379,6.828,6.578,7.123
1/31/20,5.13,5.24,5.435,5.671,6.212,6.401,6.817,6.599,7.081
2/7/20,5.11,5.21,5.379,5.612,5.853,6.038,6.56,6.439,6.963
2/14/20,5.11,5.19,5.321,5.562,5.78,5.934,6.488,6.369,6.947
2/21/20,5.07,5.14,5.408,5.531,5.771,5.977,6.514,6.422,6.833
2/28/20,5.08,5.17,5.236,5.49,5.657,5.868,6.492,6.371,6.816
3/6/20,4.96,5.03,4.962,5.25,5.418,5.621,6.349,6.185,6.682
3/13/20,4.88,4.95,5.048,5.303,5.733,5.955,6.61,6.322,6.8
3/20/20,4.79,4.92,4.991,5.329,5.745,6.002,6.672,6.259,6.839
3/27/20,4.26,4.65,4.63,5.028,5.403,5.591,6.467,6.144,6.743
4/3/20,4.29,4.5,4.599,4.931,5.413,5.776,6.571,6.306,6.824
4/10/20,4.25,4.5,4.562,4.914,5.525,5.938,6.708,6.49,6.997
4/17/20,3.9,4.05,4.166,4.602,4.991,5.482,6.388,6.347,6.912
4/24/20,3.65,3.7,4.025,4.298,4.654,5.188,6.222,6.167,6.679
5/1/20,3.64,3.67,3.933,4.467,4.725,5.15,6.151,6.11,6.646
5/8/20,3.54,3.58,3.865,4.304,4.624,5.5,5.929,5.967,6.815
5/15/20,3.41,3.71,3.823,4.359,4.764,5.592,6.027,6.081,6.931
5/22/20,2.7,3.43,3.55,4.337,4.674,5.431,5.899,5.961,6.768
5/29/20,3.27,3.43,3.619,4.274,4.579,5.426,5.928,6.013,6.606
6/5/20,3.49,3.52,3.792,4.291,4.569,5.44,5.943,5.821,6.61
