Date,AU1YT=RR,AU2YT=RR,AU3YT=RR,AU5YT=RR,AU7YT=RR,AU10YT=RR,AU20YT=RR,AU30YT=RR
5/12/95,7.938,8.25,8.47,8.71,9,9.1,,
5/19/95,7.753,8.19,8.36,8.69,8.99,9.09,,
5/26/95,7.756,7.84,8.36,8.32,8.69,8.81,,
6/2/95,7.767,7.78,8.36,8.36,8.78,9,,
6/9/95,7.491,7.78,8.05,8.38,8.77,8.94,,
6/16/95,7.436,7.74,8.04,8.38,8.76,8.94,,
6/23/95,7.302,7.47,7.63,8.07,8.47,8.67,,
6/30/95,7.596,7.91,7.82,8.61,9,9.21,,
7/7/95,7.23,7.31,7.6,8.05,8.5,8.74,,
7/14/95,7.32,7.43,7.71,8.16,8.58,8.79,,
7/21/95,7.62,7.77,8.03,8.51,8.97,9.18,,
7/28/95,7.91,8.02,8.34,8.76,9.2,9.31,,
8/4/95,7.96,8.06,9,8.76,9.15,9.35,,
8/11/95,7.75,7.79,8,8.44,8.77,8.97,,
8/18/95,7.86,7.92,8.12,8.51,8.86,9.06,,
8/25/95,7.93,8.01,8.24,8.64,9.02,9.17,,
9/1/95,7.65,7.68,7.88,8.34,8.73,8.89,,
9/8/95,7.59,7.62,7.76,8.21,8.56,8.73,,
9/15/95,7.4,7.47,7.6,8.01,8.35,8.53,,
9/22/95,7.48,7.66,7.86,8.21,8.58,8.68,,
9/29/95,7.47,7.55,7.73,8.1,8.43,8.57,,
10/6/95,7.42,7.47,7.63,8,8.33,8.5,,
10/13/95,7.41,7.48,7.58,7.98,8.22,8.43,,
10/20/95,7.38,7.47,7.62,7.96,8.25,8.4,,
10/27/95,7.66,7.74,7.85,8.2,8.47,8.64,,
11/3/95,7.66,7.73,7.84,8.19,8.43,8.58,,
11/10/95,7.5,7.63,7.75,8.12,8.4,8.59,,
11/17/95,7.42,7.49,7.59,8,8.28,8.48,,
11/24/95,7.27,7.35,7.44,7.86,8.17,8.33,,
12/1/95,7.25,7.33,7.38,7.75,8.02,8.13,,
12/8/95,7.42,7.48,7.54,7.91,8.17,8.27,,
12/15/95,7.44,7.46,7.62,7.9,8.25,8.34,,
12/22/95,7.49,7.39,7.7,7.86,8.37,8.28,,
12/29/95,7.29,7.34,7.62,7.78,8.32,8.18,,
1/5/96,7.37,7.35,7.49,7.74,8.05,8.14,,
1/12/96,7.47,7.47,7.61,7.85,8.17,8.29,,
1/19/96,7.43,7.42,7.52,7.75,8.05,8.09,,
1/26/96,7.39,7.34,7.52,7.67,7.97,8.08,,
2/2/96,7.29,7.27,7.4,7.63,7.97,8.07,,
2/9/96,7.28,7.27,7.36,7.63,7.96,8.02,,
2/16/96,7.27,7.38,7.38,7.73,7.92,8.09,,
2/23/96,7.68,7.78,8.005,8.15,8.395,8.635,,
3/1/96,7.765,7.82,7.89,8.17,8.45,8.495,,
3/8/96,7.875,7.95,8.395,8.3,8.585,8.98,,
3/15/96,8.045,8.13,8.3,8.53,8.855,8.925,,
3/22/96,8.105,8.25,8.41,8.66,8.895,8.98,,
3/29/96,8.155,8.23,8.35,8.61,8.845,8.86,,
4/5/96,8.135,8.2,8.4,8.53,8.755,8.82,,
4/12/96,8.25,8.36,8.58,8.74,8.995,8.94,,
4/19/96,8.18,8.33,8.485,8.71,8.86,8.92,,
4/26/96,7.905,8.03,8.21,8.4,8.58,8.73,,
5/3/96,8.225,8.33,8.5,8.71,8.88,8.75,,
5/10/96,7.92,8.08,8.19,8.54,8.79,8.82,,
5/17/96,7.85,8.05,8.175,8.5,8.67,8.68,,
5/24/96,7.91,8.07,8.22,8.52,8.73,8.8,,
5/31/96,7.98,8.18,8.45,8.61,8.77,8.97,,
6/7/96,7.84,8.08,8.42,8.53,8.71,8.96,,
6/14/96,7.91,8.11,8.35,8.59,8.83,8.99,,
6/21/96,7.91,8.15,8.35,8.64,8.85,8.98,,
6/28/96,7.89,8.1,8.22,8.59,8.79,8.79,,
7/5/96,7.87,8.08,8.22,8.47,8.63,8.72,,
7/12/96,7.89,8.11,8.2,8.49,8.68,8.7,,
7/19/96,7.72,7.92,8.08,8.27,8.48,8.57,,
7/26/96,7.49,7.71,7.93,8.12,8.37,8.47,,
8/2/96,6.91,7.15,7.15,7.7,8,7.97,,
8/9/96,6.83,7.07,7.23,7.64,7.96,8.16,,
8/16/96,6.85,7.09,7.2,7.62,7.89,8.07,,
8/23/96,6.75,6.93,7.06,7.47,7.7,7.85,,
8/30/96,6.77,7,7.18,7.59,7.9,8.11,,
9/6/96,6.98,7.25,7.35,7.8,8.05,8.16,,
9/13/96,6.82,7.05,7.19,7.62,7.9,8.1,,
9/20/96,6.77,6.95,7.1,7.51,7.79,7.96,,
9/27/96,6.62,6.83,6.93,7.35,7.59,7.77,,
10/4/96,6.59,6.7,6.81,7.21,7.44,7.53,,
10/11/96,6.49,6.65,6.8,7.17,7.38,7.57,,
10/18/96,6.62,6.78,6.93,7.24,7.39,7.58,,
10/25/96,6.42,6.57,6.7,7.05,7.25,7.42,,
11/1/96,6.37,6.53,6.67,7,7.22,7.41,,
11/8/96,6.26,6.43,6.58,6.89,7.08,7.22,,
11/15/96,6.19,6.34,6.47,6.76,6.95,7.08,,
11/22/96,6.12,6.26,6.39,6.69,6.92,7.06,,
11/29/96,6.35,6.48,6.62,6.91,7.05,7.19,,
12/6/96,6.34,6.6,6.75,7.08,7.36,7.5,,
12/13/96,5.92,6.28,6.46,6.9,7.21,7.42,,
12/20/96,5.94,6.32,6.49,6.96,7.21,7.38,,
12/27/96,5.95,6.39,6.55,7.02,7.27,7.42,,
1/3/97,6.01,6.52,6.78,7.17,7.57,7.62,,
1/10/97,5.77,6.27,6.71,7,7.42,7.61,,
1/17/97,5.71,6.16,6.56,6.94,7.34,7.43,,
1/24/97,5.71,6.21,6.68,7,7.34,7.44,,
1/31/97,5.62,6.13,6.52,6.96,7.35,7.34,,
2/7/97,5.79,6.22,6.6,7,7.3,7.33,,
2/14/97,5.92,6.34,6.71,7,7.26,7.31,,
2/21/97,6.06,6.5,6.83,7.13,7.43,7.49,,
2/28/97,6.08,6.57,6.91,7.27,7.59,7.69,,
3/7/97,6.02,6.8,7.09,7.52,7.77,7.93,,
3/14/97,6.05,6.74,7.13,7.52,7.8,7.95,,
3/21/97,6.03,6.8,7.2,7.61,7.89,8.01,,
3/28/97,6.03,6.77,7.17,7.58,7.9,8.02,,
4/4/97,5.9,6.66,7.06,7.51,7.88,8.04,,
4/11/97,5.9,6.55,6.91,7.41,7.8,7.96,,
4/18/97,5.84,6.43,6.77,7.28,7.66,7.82,,
4/25/97,5.86,6.43,6.79,7.31,7.71,7.87,,
5/2/97,6.14,6.51,6.86,7.34,7.71,7.86,,
5/9/97,6.04,6.41,6.77,7.2,7.55,7.66,,
5/16/97,5.88,6.22,6.67,7.12,7.47,7.6,,
5/23/97,5.53,5.99,6.5,6.98,7.4,7.56,,
5/30/97,5.37,5.68,6.18,6.77,7.27,7.46,,
6/6/97,5.25,5.64,6.16,6.7,7.16,7.33,,
6/13/97,5.1,5.36,5.8,6.37,6.86,7.02,,
6/20/97,5.01,5.28,5.72,6.27,6.78,6.99,,
6/27/97,5.21,5.46,5.91,6.43,6.91,7.12,,
7/4/97,5.1,5.35,5.74,6.2,6.63,6.81,,
7/11/97,4.96,5.19,5.63,6.07,6.48,6.66,,
7/18/97,5.14,5.34,5.7,6.12,6.46,6.61,,
7/25/97,5.07,5.27,5.63,5.81,6.37,6.51,,
8/1/97,4.89,5.12,5.52,5.91,6.19,6.34,,
8/8/97,4.89,5.15,5.59,6.04,6.41,6.63,,
8/15/97,4.74,5.03,5.49,5.97,6.37,6.6,,
8/22/97,4.87,5.18,5.66,6.2,6.61,6.84,,
8/29/97,4.71,4.95,5.4,5.94,6.35,6.58,,
9/5/97,4.79,4.98,5.43,5.93,6.3,6.5,,
9/12/97,4.56,4.78,5.25,5.77,6.2,6.43,,
9/19/97,4.53,4.69,5.14,5.63,5.99,6.19,,
9/26/97,4.695,5.115,5.34,5.715,5.96,6.155,,
10/3/97,4.74,5.1,5.31,5.68,5.9,6.09,,
10/10/97,5.13,5.48,5.68,6.03,6.26,6.43,,
10/17/97,4.99,5.33,5.52,5.87,6.14,6.32,,
10/24/97,4.96,5.3,5.49,5.83,6.02,6.18,,
10/31/97,4.845,5.135,5.29,5.6,5.79,5.96,,
11/7/97,4.945,5.21,5.38,5.675,5.86,6.005,,
11/14/97,4.955,5.2,5.365,5.635,5.81,5.955,,
11/21/97,5,5.25,5.42,5.67,5.81,5.96,,
11/28/97,5.15,5.46,5.61,5.87,6.02,6.18,,
12/5/97,5.23,5.51,5.675,5.9,6.065,6.235,,
12/12/97,5.15,5.45,5.61,5.85,6.03,6.2,,
12/19/97,5.195,5.475,5.605,5.81,5.94,6.085,,
12/26/97,5.13,5.37,5.51,5.69,5.85,5.99,,
1/2/98,5.11,5.35,5.49,5.69,5.85,6.01,,
1/9/98,4.87,5.13,5.25,5.45,5.56,5.71,,
1/16/98,4.985,5.25,5.36,5.55,5.74,5.885,,
1/23/98,4.95,5.21,5.33,5.52,5.71,5.88,,
1/30/98,4.96,5.2,5.32,5.53,5.71,5.88,,
2/6/98,4.96,5.22,5.34,5.58,5.82,6,,
2/13/98,4.86,5.1,5.22,5.45,5.64,5.83,,
2/20/98,4.91,5.15,5.26,5.5,5.66,5.85,,
2/27/98,4.94,5.21,5.33,5.59,5.79,6,,
3/6/98,4.93,5.22,5.34,5.63,5.86,6.1,,
3/13/98,4.78,5.02,5.13,5.41,5.61,5.81,,
3/20/98,4.78,4.985,5.09,5.35,5.535,5.75,,
3/27/98,4.86,5.06,5.17,5.44,5.64,5.86,,
4/3/98,4.74,4.91,5,5.24,5.4,5.58,,
4/10/98,4.7,4.9,4.99,5.21,5.42,5.6,,
4/17/98,4.75,4.93,5.03,5.25,5.45,5.63,,
4/24/98,4.73,4.92,5.02,5.26,5.46,5.67,,
5/1/98,4.81,5,5.1,5.35,5.55,5.75,,
5/8/98,4.79,4.97,5.07,5.3,5.52,5.71,,
5/15/98,4.86,5.02,5.12,5.32,5.51,5.71,,
5/22/98,4.795,4.93,5.035,5.225,5.39,5.585,,
5/29/98,4.73,4.75,4.86,5.04,5.22,5.41,,
6/5/98,5.05,5.12,5.19,5.34,5.4,5.54,,
6/12/98,5.34,5.45,5.47,5.51,5.52,5.58,,
6/19/98,5.115,5.235,5.29,5.375,5.485,5.645,,
6/26/98,5.15,5.28,5.34,5.44,5.49,5.61,,
7/3/98,5.05,5.2,5.24,5.34,5.42,5.53,,
7/10/98,5.09,5.2,5.25,5.32,5.4,5.5,,
7/17/98,5.02,5.14,5.19,5.29,5.39,5.56,,
7/24/98,5.05,5.19,5.25,5.36,5.44,5.57,,
7/31/98,4.99,5.13,5.19,5.32,5.43,5.59,,
8/7/98,4.98,5.11,5.19,5.34,5.44,5.6,,
8/14/98,5.03,5.17,5.26,5.43,5.54,5.61,,
8/21/98,5.1,5.23,5.31,5.49,5.57,5.64,,
8/28/98,5.45,5.72,5.79,5.91,5.98,6.01,,
9/4/98,5.13,5.33,5.41,5.56,5.64,5.7,,
9/11/98,4.85,4.93,4.99,5.17,5.31,5.4,,
9/18/98,4.72,4.81,4.85,5.03,5.13,5.22,,
9/25/98,4.61,4.65,4.72,4.87,5.04,5.18,,
10/2/98,4.53,4.45,4.53,4.68,4.85,4.97,,
10/9/98,4.57,4.42,4.52,4.71,5,5.16,,
10/16/98,4.23,4.17,4.28,4.49,4.68,4.86,,
10/23/98,4.42,4.34,4.44,4.62,4.84,5,,
10/30/98,4.45,4.36,4.43,4.63,4.82,4.99,,
11/6/98,4.7,4.66,4.74,4.9,5.12,5.26,,
11/13/98,4.72,4.67,4.74,4.88,5.02,5.15,,
11/20/98,4.63,4.65,4.69,4.86,5.04,5.19,,
11/27/98,4.59,4.59,4.64,4.8,4.99,5.13,,
12/4/98,4.41,4.45,4.38,4.51,4.69,4.83,,
12/11/98,4.5,4.5,4.43,4.52,4.69,4.81,,
12/18/98,4.53,4.52,4.48,4.57,4.71,4.83,,
12/25/98,4.65,4.63,4.64,4.75,4.91,5.02,,
1/1/99,4.57,4.64,4.66,4.77,4.92,5.03,,
1/8/99,4.7,4.77,4.79,4.91,5.08,5.22,,
1/15/99,4.785,4.845,4.875,4.99,5.065,5.185,,
1/22/99,4.67,4.76,4.79,4.87,4.94,5.05,,
1/29/99,4.64,4.71,4.72,4.82,4.91,5.02,,
2/5/99,4.69,4.82,4.93,5.04,5.16,5.3,,
2/12/99,4.78,4.9,5.02,5.13,5.32,5.45,,
2/19/99,4.7,4.85,5.01,5.11,5.27,5.41,,
2/26/99,4.87,5.05,5.13,5.22,5.38,5.53,,
3/5/99,4.89,5.14,5.27,5.37,5.5,5.66,,
3/12/99,4.65,4.93,5.06,5.15,5.36,5.51,,
3/19/99,4.76,4.97,5.1,5.25,5.4,5.51,,
3/26/99,4.71,4.9,5.02,5.21,5.38,5.52,,
4/2/99,4.71,4.87,4.99,5.22,5.36,5.5,,
4/9/99,4.64,4.74,4.85,5.06,5.18,5.32,,
4/16/99,4.67,4.8,4.91,5.13,5.27,5.43,,
4/23/99,4.66,4.82,4.94,5.14,5.27,5.42,,
4/30/99,4.79,5.01,5.15,5.4,5.55,5.68,,
5/7/99,4.81,5.16,5.41,5.64,5.78,5.91,,
5/14/99,4.94,5.29,5.52,5.8,5.93,6.06,,
5/21/99,4.7,5.12,5.4,5.64,5.76,5.89,,
5/28/99,4.69,5.14,5.42,5.67,5.82,5.99,,
6/4/99,4.8,5.32,5.7,5.93,6.05,6.19,,
6/11/99,4.76,5.27,5.68,6.03,6.22,6.4,,
6/18/99,4.71,5.06,5.42,5.74,5.94,6.13,,
6/25/99,4.73,5.18,5.6,5.95,6.16,6.36,,
7/2/99,4.69,5.08,5.51,5.84,6.02,6.22,,
7/9/99,4.75,5.19,5.64,5.97,6.1,6.28,,
7/16/99,4.69,5.03,5.47,5.76,5.93,6.11,,
7/23/99,4.75,5.08,5.48,5.81,5.97,6.17,,
7/30/99,4.75,5.35,5.61,5.89,6.12,6.29,,
8/6/99,4.78,5.48,5.72,5.98,6.22,6.4,,
8/13/99,4.62,5.43,5.73,6,6.26,6.44,,
8/20/99,4.73,5.42,5.73,5.97,6.2,6.36,,
8/27/99,4.81,5.44,5.76,6.01,6.19,6.32,,
9/3/99,4.66,5.41,5.78,5.99,6.2,6.32,,
9/10/99,4.8,5.59,5.92,6.17,6.38,6.49,,
9/17/99,4.74,5.49,5.74,5.96,6.16,6.29,,
9/24/99,4.67,5.31,5.53,5.81,6.04,6.19,,
10/1/99,4.84,5.48,5.7,5.91,6.16,6.33,,
10/8/99,4.81,5.68,5.88,6.15,6.34,6.49,,
10/15/99,4.9,5.85,6.06,6.29,6.48,6.63,,
10/22/99,5.01,6.09,6.26,6.48,6.68,6.8,,
10/29/99,4.9,5.9,6.05,6.26,6.47,6.59,,
11/5/99,4.91,5.85,6,6.2,6.34,6.45,,
11/12/99,4.94,5.85,6.01,6.2,6.37,6.48,,
11/19/99,5.03,5.97,6.14,6.33,6.46,6.57,,
11/26/99,5.05,6.07,6.25,6.47,6.59,6.69,,
12/3/99,5,5.93,6.12,6.36,6.55,6.65,,
12/10/99,5.02,5.86,6.06,6.29,6.47,6.56,,
12/17/99,5.23,6.16,6.36,6.57,6.74,6.84,,
12/24/99,5.25,6.2,6.4,6.61,6.8,6.89,,
12/31/99,5.25,6.25,6.46,6.64,6.85,6.95,,
1/7/00,5.29,6.44,6.69,6.88,7.02,7.1,,
1/14/00,5.48,6.58,6.83,7.03,7.16,7.24,,
1/21/00,5.5,6.55,6.84,7.03,7.19,7.26,,
1/28/00,6.07,6.62,6.76,6.91,7.04,7.14,,
2/4/00,6.21,6.76,6.87,7.03,7.06,7.08,,
2/11/00,6.05,6.62,6.76,6.95,7.05,7.09,,
2/18/00,6.08,6.64,6.78,6.94,7,7,,
2/25/00,5.87,6.3,6.42,6.58,6.61,6.62,,
3/3/00,5.84,6.27,6.42,6.58,6.63,6.63,,
3/10/00,5.91,6.39,6.53,6.7,6.77,6.75,,
3/17/00,5.84,6.22,6.35,6.47,6.56,6.55,,
3/24/00,6.03,6.45,6.56,6.61,6.63,6.54,,
3/31/00,5.92,6.27,6.37,6.39,6.41,6.36,,
4/7/00,5.97,6.23,6.33,6.33,6.32,6.28,,
4/14/00,5.83,6,6.04,6.1,6.09,6.07,,
4/21/00,6.06,6.15,6.19,6.24,6.27,6.28,,
4/28/00,6.26,6.44,6.48,6.5,6.5,6.42,,
5/5/00,6.39,6.48,6.53,6.62,6.63,6.65,,
5/12/00,6.36,6.43,6.48,6.51,6.52,6.53,,
5/19/00,6.22,6.44,6.5,6.56,6.59,6.59,,
5/26/00,6.11,6.2,6.25,6.27,6.28,6.31,,
6/2/00,5.89,5.95,6,6.08,6.08,6.06,,
6/9/00,5.92,5.99,6.05,6.08,6.09,6.09,,
6/16/00,5.89,5.94,6,6.04,6.06,6.12,,
6/23/00,6.03,6.09,6.14,6.23,6.27,6.31,,
6/30/00,5.9,5.94,6.01,6.07,6.11,6.18,,
7/7/00,5.8,5.85,5.92,5.99,6.04,6.12,,
7/14/00,5.95,5.99,6.05,6.08,6.12,6.18,,
7/21/00,5.91,5.94,5.98,6.04,6.08,6.11,,
7/28/00,6.19,6.2,6.24,6.25,6.26,6.25,,
8/4/00,6.23,6.23,6.23,6.2,6.19,6.16,,
8/11/00,6.4,6.35,6.33,6.3,6.29,6.25,,
8/18/00,6.5,6.44,6.41,6.36,6.35,6.28,,
8/25/00,6.49,6.42,6.38,6.33,6.31,6.24,,
9/1/00,6.31,6.25,6.21,6.16,6.14,6.11,,
9/8/00,6.37,6.32,6.28,6.2,6.17,6.1,,
9/15/00,6.37,6.31,6.26,6.18,6.16,6.16,,
9/22/00,6.32,6.26,6.23,6.2,6.2,6.23,,
9/29/00,6.29,6.22,6.19,6.18,6.18,6.19,,
10/6/00,6.12,6.06,6.06,6.06,6.07,6.11,,
10/13/00,6.08,6.03,6.03,6.05,6.06,6.12,,
10/20/00,6.03,5.97,5.98,6,6.03,6.05,,
10/27/00,6.12,6.06,6.07,6.09,6.11,6.16,,
11/3/00,6.16,6.07,6.08,6.1,6.13,6.19,,
11/10/00,6.02,5.94,5.94,5.98,6.01,6.08,,
11/17/00,6.02,5.89,5.89,5.91,5.92,5.93,,
11/24/00,5.96,5.87,5.87,5.88,5.89,5.9,,
12/1/00,5.86,5.73,5.72,5.73,5.75,5.8,,
12/8/00,5.64,5.47,5.47,5.49,5.52,5.61,,
12/15/00,5.51,5.33,5.33,5.35,5.39,5.46,,
12/22/00,5.42,5.26,5.26,5.32,5.36,5.41,,
12/29/00,5.39,5.25,5.24,5.3,5.34,5.47,,
1/5/01,5,4.88,4.88,5.02,5.12,5.33,,
1/12/01,5.2,5.08,5.08,5.19,5.31,5.52,,
1/19/01,5.26,5,5,5.11,5.22,5.44,,
1/26/01,4.98,4.93,4.99,5.13,5.28,5.42,,
2/2/01,4.94,4.88,4.95,5.09,5.23,5.37,,
2/9/01,4.97,4.89,4.97,5.08,5.2,5.3,,
2/16/01,4.99,4.94,5.03,5.12,5.29,5.4,,
2/23/01,4.86,4.81,4.87,4.97,5.2,5.36,,
3/2/01,4.88,4.84,4.89,5,5.13,5.315,,
3/9/01,4.69,4.64,4.7,4.82,4.98,5.14,,
3/16/01,4.44,4.43,4.5,4.64,4.81,4.99,,
3/23/01,4.61,4.64,4.71,4.85,5,5.17,,
3/30/01,4.56,4.66,4.73,4.86,5.08,5.27,,
4/6/01,4.48,4.72,4.83,4.95,5.15,5.35,,
4/13/01,4.66,4.95,5.08,5.21,5.41,5.6,,
4/20/01,4.46,4.94,5.11,5.31,5.58,5.85,,
4/27/01,4.56,5.05,5.2,5.38,5.61,5.86,,
5/4/01,4.51,4.91,5.06,5.25,5.52,5.78,,
5/11/01,4.73,5.12,5.28,5.47,5.69,5.96,,
5/18/01,4.67,5.23,5.44,5.64,5.81,6.07,,
5/25/01,4.66,5.26,5.48,5.67,5.84,6.1,,
6/1/01,4.59,5.21,5.42,5.6,5.71,5.94,,
6/8/01,4.81,5.42,5.64,5.78,5.89,6.08,,
6/15/01,4.59,5.13,5.34,5.47,5.63,5.875,,
6/22/01,4.61,5.14,5.34,5.5,5.67,5.805,,
6/29/01,4.89,5.45,5.69,5.84,5.98,6.15,,
7/6/01,4.81,5.43,5.67,5.83,5.98,6.17,,
7/13/01,4.81,5.53,5.78,5.92,5.99,6.15,,
7/20/01,4.64,5.3,5.53,5.66,5.78,5.94,,
7/27/01,4.81,5.44,5.7,5.83,5.92,6.06,,
8/3/01,4.84,5.45,5.68,5.81,5.91,6.06,,
8/10/01,4.58,5.04,5.26,5.4,5.52,5.7,,
8/17/01,4.57,5.03,5.27,5.41,5.53,5.67,,
8/24/01,4.67,5.07,5.3,5.44,5.57,5.71,,
8/31/01,4.51,4.77,5.03,5.19,5.35,5.56,,
9/7/01,4.39,4.83,5.1,5.26,5.41,5.64,,
9/14/01,4.05,4.3,4.56,4.83,5.05,5.45,,
9/21/01,4.1,4.24,4.51,4.83,5.13,5.55,,
9/28/01,4.14,4.29,4.56,4.85,5.15,5.56,,
10/5/01,4.05,4.13,4.4,4.66,4.95,5.37,,
10/12/01,4.11,4.29,4.51,4.78,5.06,5.47,,
10/19/01,4.11,4.23,4.46,4.71,5,5.45,,
10/26/01,4.03,4.1,4.36,4.6,4.91,5.36,,
11/2/01,4.05,4.03,4.27,4.5,4.78,5.22,,
11/9/01,3.98,3.93,4.18,4.44,4.75,5.15,,
11/16/01,4.26,4.55,4.84,5.09,5.34,5.74,,
11/23/01,4.31,4.75,5.06,5.34,5.555,5.94,,
11/30/01,4.04,4.38,4.68,4.96,5.23,5.57,,
12/7/01,4.16,4.67,5.02,5.28,5.52,5.86,,
12/14/01,4.16,4.54,4.95,5.26,5.53,5.91,,
12/21/01,4.17,4.53,4.91,5.23,5.49,5.89,,
12/28/01,4.29,4.58,5.05,5.38,5.64,6.03,,
1/4/02,4.17,4.63,5.12,5.44,5.71,6.04,,
1/11/02,4.17,4.28,4.7,5.01,5.27,5.69,,
1/18/02,4.13,4.48,4.86,5.16,5.42,5.75,,
1/25/02,4.21,4.81,5.28,5.57,5.79,6,,
2/1/02,4.21,4.78,5.26,5.54,5.75,5.97,,
2/8/02,4.28,4.7,5.17,5.44,5.64,5.93,,
2/15/02,4.91,5.32,5.5,5.63,5.83,5.94,,
2/22/02,4.81,5.31,5.48,5.62,5.79,5.92,,
3/1/02,4.87,5.38,5.53,5.68,5.89,6.02,,
3/8/02,5.13,5.75,5.92,6.08,6.3,6.37,,
3/15/02,5.3,5.73,5.88,6.04,6.25,6.43,,
3/22/02,5.34,5.76,5.92,6.06,6.26,6.37,,
3/29/02,5.19,5.74,5.9,6.02,6.21,6.32,,
4/5/02,5.22,5.56,5.7,5.84,6.08,6.32,,
4/12/02,5.31,5.63,5.78,5.91,6.12,6.33,,
4/19/02,5.22,5.65,5.8,5.94,6.14,6.34,,
4/26/02,5.18,5.44,5.59,5.73,5.97,6.19,,
5/3/02,5.15,5.45,5.59,5.75,5.92,6.12,,
5/10/02,5.38,5.61,5.76,5.9,6.07,6.27,,
5/17/02,5.43,5.83,6,6.12,6.28,6.31,,
5/24/02,5.47,5.71,5.85,5.98,6.12,6.22,,
5/31/02,5.53,5.78,5.91,6.02,6.11,6.2,,
6/7/02,5.49,5.75,5.87,5.94,6.04,6.09,,
6/14/02,5.4,5.47,5.6,5.66,5.81,5.91,,
6/21/02,5.31,5.42,5.55,5.64,5.79,5.9,,
6/28/02,5.3,5.44,5.62,5.8,5.95,5.99,,
7/5/02,5.24,5.42,5.76,5.95,6.06,6.02,,
7/12/02,5.08,5.26,5.4,5.58,5.76,5.88,,
7/19/02,4.95,5.16,5.28,5.51,5.68,5.8,,
7/26/02,4.85,4.99,5.16,5.41,5.62,5.67,,
8/2/02,4.9,5.02,5.08,5.33,5.53,5.67,,
8/9/02,4.83,4.94,5.04,5.29,5.47,5.63,,
8/16/02,4.87,5.02,5.23,5.44,5.61,5.59,,
8/23/02,5.005,5.18,5.29,5.51,5.67,5.76,,
8/30/02,5.025,5.1,5.24,5.47,5.62,5.69,,
9/6/02,4.75,4.8,5.02,5.22,5.39,5.32,,
9/13/02,5.05,5.06,5.17,5.3,5.4,5.44,,
9/20/02,4.9,4.91,5.02,5.19,5.33,5.4,,
9/27/02,4.845,4.96,4.96,5.13,5.26,5.45,,
10/4/02,4.81,4.88,5.04,5.25,5.37,5.48,,
10/11/02,4.8,4.88,5.17,5.38,5.54,5.52,,
10/18/02,4.825,5.13,5.21,5.48,5.7,5.9,,
10/25/02,4.86,5.06,5.1,5.38,5.62,5.82,,
11/1/02,4.69,4.73,4.86,5.15,5.38,5.47,,
11/8/02,4.67,4.78,4.84,5.1,5.33,5.48,,
11/15/02,4.66,4.77,4.82,5.06,5.26,5.44,,
11/22/02,4.69,4.87,4.97,5.22,5.44,5.6,,
11/29/02,4.72,4.89,4.94,5.22,5.49,5.7,,
12/6/02,4.645,4.77,4.825,5.115,5.35,5.53,,
12/13/02,4.645,4.63,4.69,5.01,5.23,5.37,,
12/20/02,4.59,4.57,4.55,4.83,5.04,5.21,,
12/27/02,4.54,4.54,4.44,4.71,4.95,5.15,,
1/3/03,4.69,4.74,4.715,4.965,5.2,5.38,,
1/10/03,4.69,4.75,4.73,4.97,5.22,5.39,,
1/17/03,4.68,4.69,4.68,4.92,5.14,5.32,,
1/24/03,4.62,4.55,4.51,4.75,4.98,5.17,,
1/31/03,4.69,4.57,4.56,4.8,5.03,5.18,,
2/7/03,4.55,4.46,4.42,4.65,4.91,5.12,,
2/14/03,4.66,4.44,4.48,4.73,4.99,5.16,,
2/21/03,4.64,4.42,4.44,4.71,4.96,5.13,,
2/28/03,4.59,4.33,4.29,4.57,4.83,5.07,,
3/7/03,4.62,4.38,4.35,4.62,4.89,5.14,,
3/14/03,4.62,4.57,4.54,4.82,5.05,5.33,,
3/21/03,4.8,4.73,4.89,5.23,5.45,5.57,,
3/28/03,4.61,4.61,4.61,4.92,5.16,5.41,,
4/4/03,4.63,4.61,4.62,4.94,5.2,5.43,,
4/11/03,4.55,4.53,4.73,4.89,5.12,5.29,,
4/18/03,4.58,4.59,4.765,4.93,,5.29,,
4/25/03,4.56,4.61,4.79,4.96,,5.32,,
5/2/03,4.515,4.51,4.67,4.83,,5.21,,
5/9/03,4.55,4.55,4.67,4.81,,5.1,,
5/16/03,4.62,4.59,4.69,4.83,,5.1,,
5/23/03,4.53,4.47,4.54,4.65,,4.87,,
5/30/03,4.465,4.42,4.485,4.61,,4.87,,
6/6/03,4.3,4.22,4.32,4.47,,4.8,,
6/13/03,4.14,4.05,4.12,4.3,,4.61,,
6/20/03,4.2,4.17,4.27,4.48,,4.82,,
6/27/03,4.36,4.38,4.505,4.71,,5.03,,
7/4/03,4.42,4.47,4.6,4.8,,5.12,,
7/11/03,4.4,4.41,4.53,4.73,,5.05,,
7/18/03,4.52,4.58,4.735,4.95,,5.3,,
7/25/03,4.51,4.62,4.765,5.01,,5.39,,
8/1/03,4.72,4.78,4.94,5.18,,5.54,,
8/8/03,4.675,4.73,4.86,5.08,,5.4,,
8/15/03,4.765,4.9,5.05,5.26,,5.59,,
8/22/03,4.79,4.94,5.065,5.28,,5.56,,
8/29/03,4.795,4.95,5.065,5.27,,5.49,,
9/5/03,4.895,5.1,5.22,5.4,,5.6,,
9/12/03,4.97,5.16,5.28,5.43,,5.6,,
9/19/03,4.935,5.07,5.185,5.33,,5.52,,
9/26/03,4.855,4.92,5.025,5.18,,5.37,,
10/3/03,4.87,4.89,5.01,5.15,,5.33,,
10/10/03,5.03,5.2,5.325,5.47,,5.63,,
10/17/03,5.115,5.36,5.505,5.64,,5.78,,
10/24/03,5.14,5.28,5.43,5.55,,5.65,,
10/31/03,5.185,5.39,5.545,5.67,,5.76,,
11/7/03,5.4,5.66,5.79,5.87,,5.93,,
11/14/03,5.455,5.67,5.79,5.87,,5.91,,
11/21/03,5.455,5.615,5.73,5.82,,5.86,,
11/28/03,5.495,5.71,5.84,5.92,,5.96,,
12/5/03,5.5,5.68,5.82,5.91,,5.945,,
12/12/03,5.515,5.535,5.655,5.785,,5.86,,
12/19/03,5.37,5.33,5.43,5.605,,5.67,,
12/26/03,5.31,5.295,5.395,5.565,,5.625,,
1/2/04,5.32,5.3,5.38,5.55,,5.61,,
1/9/04,5.35,5.42,5.54,5.72,,5.785,,
1/16/04,5.275,5.26,5.36,5.51,,5.56,,
1/23/04,5.285,5.29,5.375,5.565,,5.65,,
1/30/04,5.375,5.44,5.54,5.74,,5.83,,
2/6/04,5.305,5.26,5.38,5.58,,5.695,,
2/13/04,5.35,5.25,5.31,5.49,,5.545,,
2/20/04,5.36,5.29,5.37,5.53,,5.585,,
2/27/04,5.375,5.26,5.35,5.52,,5.545,,
3/5/04,5.375,5.275,5.35,5.53,,5.635,,
3/12/04,5.245,5.07,4.99,5.17,,5.305,,
3/19/04,5.26,5.105,5.02,5.19,,5.375,,
3/26/04,5.25,5.11,5.02,5.165,,5.32,,
4/2/04,5.23,5.135,5.08,5.24,,5.44,,
4/9/04,5.23,5.235,5.26,5.435,,5.72,,
4/16/04,5.255,5.325,5.415,5.615,,5.905,,
4/23/04,5.25,5.28,5.365,5.59,,5.87,,
4/30/04,5.335,5.385,5.495,5.7,,5.93,,
5/7/04,5.4,5.43,5.55,5.725,,5.985,,
5/14/04,5.29,5.335,5.475,5.7,,6.06,,
5/21/04,5.3,5.32,5.43,5.68,,5.97,,
5/28/04,5.265,5.27,5.335,5.555,,5.82,,
6/4/04,5.215,5.13,5.165,5.395,,5.775,,
6/11/04,5.23,5.235,5.27,5.54,,5.915,,
6/18/04,5.215,5.2,5.24,5.495,,5.79,,
6/25/04,5.21,5.215,5.22,5.48,,5.825,,
7/2/04,5.275,5.35,5.36,5.63,,5.865,,
7/9/04,5.23,5.26,5.25,5.46,,5.66,,
7/16/04,5.25,5.26,5.27,5.51,,5.7,,
7/23/04,5.22,5.25,5.26,5.48,,5.68,,
7/30/04,5.25,5.33,5.37,5.6,,5.85,,
8/6/04,5.245,5.24,5.255,5.48,,5.675,,
8/13/04,5.235,5.245,5.225,5.425,,5.57,,
8/20/04,5.24,5.22,5.3,5.445,5.49,5.605,,
8/27/04,5.245,5.22,5.3,5.445,5.455,5.585,,
9/3/04,5.21,5.115,5.2,5.39,5.5,5.49,,
9/10/04,5.21,5.11,5.21,5.325,5.37,5.445,,
9/17/04,5.02,4.96,5.045,5.155,5.3,5.29,,
9/24/04,5.12,5.05,5.14,5.23,5.34,5.405,,
10/1/04,5.12,5.15,5.255,5.365,5.45,5.47,,
10/8/04,5.115,5.16,5.26,5.385,5.465,5.53,,
10/15/04,5,5,5.085,5.2,5.29,5.305,,
10/22/04,5.06,5,5.09,5.23,5.27,5.34,,
10/29/04,5.11,5.13,5.19,5.32,5.28,5.38,,
11/5/04,5.04,5.07,5.13,5.25,5.42,5.39,,
11/12/04,5.325,5.235,5.275,5.43,5.405,5.555,,
11/19/04,5.11,5.145,5.185,5.315,5.35,5.425,,
11/26/04,5.04,4.995,5.025,5.155,5.18,5.28,,
12/3/04,5.05,4.93,4.97,5.095,5.1,5.285,,
12/10/04,5.04,4.905,4.925,5.055,5.12,5.19,,
12/17/04,5.03,4.86,4.875,5,5.12,5.13,,
12/24/04,5.1,5,5.03,5.15,5.22,5.265,,
12/31/04,5.11,5.05,5.065,5.2,5.27,5.325,,
1/7/05,5.12,5.15,5.19,5.315,5.37,5.43,,
1/14/05,4.99,4.98,4.99,5.125,5.23,5.23,,
1/21/05,5.17,5.07,5.065,5.23,5.29,5.34,,
1/28/05,5.26,5.24,5.22,5.33,5.32,5.4,,
2/4/05,5.29,5.26,5.23,5.3,5.305,5.345,,
2/11/05,5.45,5.43,5.39,5.385,5.36,5.285,,
2/18/05,5.475,5.445,5.465,5.44,5.41,5.425,,
2/25/05,5.485,5.45,5.485,5.46,5.49,5.47,,
3/4/05,5.53,5.48,5.535,5.545,5.56,5.585,,
3/11/05,5.61,5.57,5.63,5.64,5.635,5.655,,
3/18/05,5.58,5.545,5.605,5.62,5.635,5.645,,
3/25/05,5.675,5.65,5.715,5.745,5.695,5.75,,
4/1/05,5.595,5.595,5.655,5.67,5.575,5.67,,
4/8/05,5.475,5.48,5.535,5.555,5.55,5.585,,
4/15/05,5.345,5.35,5.41,5.415,5.33,5.45,,
4/22/05,5.285,5.29,5.36,5.355,5.4,5.37,,
4/29/05,5.245,5.24,5.305,5.325,5.32,5.37,,
5/6/05,5.19,5.19,5.265,5.26,5.235,5.31,,
5/13/05,5.235,5.22,5.27,5.285,5.265,5.345,,
5/20/05,5.245,5.225,5.235,5.24,5.29,5.285,,
5/27/05,5.285,5.235,5.24,5.23,5.195,5.225,,
6/3/05,5.255,5.14,5.13,5.125,5.07,5.105,,
6/10/05,5.255,5.125,5.1,5.085,5.125,5.1,,
6/17/05,5.32,5.29,5.275,5.28,5.22,5.275,,
6/24/05,5.195,5.165,5.13,5.13,5.065,5.12,,
7/1/05,5.17,5.14,5.105,5.11,5.05,5.115,,
7/8/05,5.255,5.23,5.19,5.205,5.105,5.185,,
7/15/05,5.245,5.235,5.225,5.24,5.21,5.225,,
7/22/05,5.235,5.22,5.21,5.225,5.27,5.23,,
7/29/05,5.19,5.19,5.185,5.195,5.11,5.185,,
8/5/05,5.205,5.24,5.25,5.28,5.28,5.31,,
8/12/05,5.23,5.26,5.29,5.33,5.235,5.395,,
8/19/05,5.155,5.09,5.1,5.135,5.085,5.19,,
8/26/05,5.165,5.095,5.095,5.11,5.06,5.15,,
9/2/05,5.085,4.995,4.97,4.99,5.01,5.015,,
9/9/05,5.155,5.115,5.1,5.14,5.125,5.155,,
9/16/05,5.18,5.125,5.125,5.155,5.16,5.185,,
9/23/05,5.18,5.095,5.09,5.11,5.13,5.145,,
9/30/05,5.305,5.265,5.275,5.31,5.32,5.33,,
10/7/05,5.325,5.265,5.275,5.305,5.315,5.325,,
10/14/05,5.395,5.335,5.34,5.385,5.41,5.405,,
10/21/05,5.39,5.31,5.315,5.36,5.31,5.42,,
10/28/05,5.425,5.35,5.375,5.415,5.37,5.475,,
11/4/05,5.455,5.42,5.435,5.48,5.495,5.56,,
11/11/05,5.37,5.35,5.37,5.42,5.38,5.495,,
11/18/05,5.31,5.245,5.24,5.29,5.31,5.35,,
11/25/05,5.34,5.275,5.295,5.34,5.345,5.405,,
12/2/05,5.35,5.28,5.32,5.345,5.345,5.385,,
12/9/05,5.44,5.36,5.39,5.43,5.375,5.455,,
12/16/05,5.48,5.37,5.36,5.38,5.285,5.325,,
12/23/05,5.42,5.295,5.285,5.305,5.27,5.305,,
12/30/05,5.395,5.235,5.22,5.23,5.22,5.21,,
1/6/06,5.34,5.18,5.16,5.165,5.155,5.185,,
1/13/06,5.37,5.185,5.16,5.16,5.14,5.22,,
1/20/06,5.405,5.195,5.17,5.165,5.155,5.14,,
1/27/06,5.38,5.26,5.225,5.225,5.22,5.35,,
2/3/06,5.45,5.33,5.34,5.37,5.36,5.4,,
2/10/06,5.33,5.2,5.2,5.215,5.215,5.26,,
2/17/06,5.39,5.24,5.24,5.25,5.245,5.285,,
2/24/06,5.36,5.2,5.17,5.175,5.165,5.22,,
3/3/06,5.4,5.24,5.235,5.245,5.235,5.31,,
3/10/06,5.5,5.315,5.335,5.345,5.345,5.395,,
3/17/06,5.355,5.235,5.26,5.27,5.265,5.365,,
3/24/06,5.42,5.27,5.27,5.275,5.27,5.325,,
3/31/06,5.445,5.34,5.375,5.385,5.375,5.385,,
4/7/06,5.57,5.485,5.505,5.52,5.51,5.515,,
4/14/06,5.6,5.51,5.52,5.54,5.53,5.56,,
4/21/06,5.645,5.545,5.565,5.59,5.6,5.64,,
4/28/06,5.725,5.655,5.68,5.705,5.71,5.725,,
5/5/06,5.795,5.725,5.755,5.79,5.795,5.805,,
5/12/06,5.795,5.73,5.75,5.795,5.8,5.81,,
5/19/06,5.765,5.69,5.74,5.785,5.79,5.815,,
5/26/06,5.66,5.645,5.675,5.68,5.695,5.715,,
6/2/06,5.695,5.71,5.73,5.745,5.745,5.765,,
6/9/06,5.725,5.7,5.72,5.715,5.7,5.705,,
6/16/06,5.745,5.73,5.735,5.72,5.685,5.68,,
6/23/06,5.82,5.8,5.81,5.8,5.84,5.84,,
6/30/06,5.885,5.865,5.87,5.86,5.815,5.825,,
7/7/06,5.93,5.86,5.855,5.845,5.845,5.845,,
7/14/06,6.01,5.96,5.945,5.92,5.875,5.87,,
7/21/06,6.02,5.915,5.895,5.87,5.82,5.825,,
7/28/06,6.08,5.995,5.98,5.945,5.885,5.87,,
8/4/06,6.02,5.91,5.89,5.85,5.85,5.79,,
8/11/06,6.095,5.97,5.945,5.905,5.865,5.845,,
8/18/06,6.045,5.915,5.895,5.855,5.82,5.8,,
8/25/06,6.05,5.895,5.865,5.815,5.745,5.715,,
9/1/06,6.01,5.835,5.795,5.74,5.71,5.62,,
9/8/06,6.07,5.9,5.85,5.785,5.72,5.66,,
9/15/06,6.07,5.91,5.855,5.785,5.735,5.655,,
9/22/06,6.075,5.96,5.87,5.79,5.7,5.615,,
9/29/06,5.98,5.85,5.78,5.675,5.6,5.515,,
10/6/06,5.95,5.82,5.725,5.645,5.6,5.48,,
10/13/06,6.155,6.048,5.975,5.885,5.81,5.72,,
10/20/06,6.16,6.12,6.05,5.95,5.805,5.715,,
10/27/06,6.22,6.115,6.035,5.935,5.83,5.725,,
11/3/06,6.21,6.08,5.99,5.855,5.745,5.61,,
11/10/06,6.16,6.025,5.925,5.8,5.73,5.62,,
11/17/06,6.17,6.02,5.915,5.795,5.748,5.638,,
11/24/06,6.16,5.995,5.895,5.775,5.66,5.545,,
12/1/06,6.21,6.05,5.945,5.825,5.71,5.585,,
12/8/06,6.12,6.02,5.885,5.785,5.71,5.6,,
12/15/06,6.195,6.145,6.03,5.925,5.873,5.757,,
12/22/06,6.19,6.175,6.07,5.98,5.913,5.808,,
12/29/06,6.26,6.26,6.17,6.09,5.99,5.89,,
1/5/07,6.16,6.17,6.07,6,5.925,5.835,,
1/12/07,6.26,6.245,6.155,6.075,5.985,5.885,,
1/19/07,6.22,6.26,6.173,6.085,5.985,5.875,,
1/26/07,6.063,6.105,6.013,5.96,5.923,5.845,,
2/2/07,6.125,6.16,6.09,6.035,5.985,5.905,,
2/9/07,6.105,6.143,6.048,5.987,5.888,5.81,,
2/16/07,6.1,6.11,6.01,5.95,5.89,5.8,,
2/23/07,6.135,6.135,6.045,5.975,5.895,5.795,,
3/2/07,6.06,6.05,5.94,5.86,5.765,5.66,,
3/9/07,6.085,6.065,5.935,5.845,5.8,5.67,,
3/16/07,6.105,6.095,6.015,5.912,5.835,5.705,,
3/23/07,6.26,6.272,6.173,6.055,5.955,5.79,,
3/30/07,6.35,6.345,6.247,6.14,6.063,5.915,,
4/6/07,6.25,6.28,6.217,6.12,6.025,5.875,,
4/13/07,6.282,6.343,6.287,6.188,6.077,5.925,,
4/20/07,6.305,6.263,6.183,6.133,6.08,5.94,,
4/27/07,6.17,6.14,6.07,6.033,6.03,5.92,,
5/4/07,6.125,6.097,6.03,5.988,5.932,5.82,,
5/11/07,6.225,6.22,6.155,6.105,6.04,5.925,,
5/18/07,6.225,6.237,6.175,6.12,6.028,5.92,,
5/25/07,6.215,6.242,6.177,6.13,6.09,5.995,,
6/1/07,6.233,6.253,6.198,6.15,6.102,6.01,,
6/8/07,6.437,6.5,6.442,6.362,6.28,6.14,,
6/15/07,6.34,6.435,6.387,6.355,6.36,6.278,,
6/22/07,6.395,6.45,6.43,6.403,6.355,6.258,,
6/29/07,6.42,6.468,6.45,6.42,6.343,6.262,,
7/6/07,6.352,6.407,6.4,6.36,6.295,6.21,,
7/13/07,6.39,6.45,6.45,6.4,6.287,6.202,,
7/20/07,6.295,6.363,6.357,6.31,6.233,6.148,,
7/27/07,6.38,6.4,6.375,6.285,6.205,6.063,,
8/3/07,6.4,6.378,6.335,6.232,6.13,5.953,,
8/10/07,6.375,6.325,6.28,6.19,6.12,5.968,,
8/17/07,6.32,6.145,6.087,6.023,5.957,5.815,,
8/24/07,6.305,6.247,6.2,6.13,6.088,5.955,,
8/31/07,6.325,6.262,6.215,6.145,6.065,5.918,,
9/7/07,6.403,6.353,6.298,6.207,6.128,5.945,,
9/14/07,6.323,6.26,6.22,6.15,6.08,5.92,,
9/21/07,6.39,6.352,6.34,6.305,6.238,6.085,,
9/28/07,6.395,6.435,6.443,6.407,6.347,6.18,,
10/5/07,6.45,6.508,6.53,6.457,6.375,6.162,,
10/12/07,6.5,6.595,6.598,6.525,6.46,6.238,,
10/19/07,6.477,6.573,6.568,6.505,6.425,6.198,,
10/26/07,6.54,6.613,6.557,6.448,6.345,6.06,,
11/2/07,6.677,6.77,6.737,6.602,6.493,6.2,,
11/9/07,6.68,6.747,6.668,6.452,6.33,6,,
11/16/07,6.65,6.747,6.673,6.477,6.358,6.055,,
11/23/07,6.51,6.51,6.4,6.24,6.14,5.89,,
11/30/07,6.525,6.535,6.42,6.28,6.158,5.91,,
12/7/07,6.59,6.525,6.445,6.31,6.21,6.025,,
12/14/07,6.7,6.805,6.76,6.62,6.51,6.285,,
12/21/07,6.63,6.818,6.825,6.63,6.51,6.25,,
12/28/07,6.67,6.903,6.935,6.765,6.61,6.415,,
1/4/08,6.45,6.68,6.75,6.545,6.347,6.133,,
1/11/08,6.505,6.66,6.75,6.537,6.315,6.12,,
1/18/08,6.49,6.56,6.5,6.435,6.253,6.02,,
1/25/08,6.617,6.617,6.565,6.463,6.318,6.082,,
2/1/08,6.66,6.645,6.61,6.477,6.305,6.085,,
2/8/08,6.707,6.682,6.66,6.503,6.34,6.19,,
2/15/08,6.98,6.95,6.9,6.74,6.54,6.36,,
2/22/08,6.93,6.878,6.847,6.707,6.503,6.347,,
2/29/08,6.88,6.82,6.79,6.65,6.525,6.438,,
3/7/08,6.635,6.505,6.445,6.34,6.135,6.247,,
3/14/08,6.69,6.4,6.3,6.27,6.11,6.15,,
3/21/08,6.617,6.25,6.137,6.122,6.025,5.992,,
3/28/08,6.63,6.27,6.17,6.15,6.055,6.023,,
4/4/08,6.7,6.318,6.267,6.255,6.173,6.133,,
4/11/08,6.742,6.26,6.218,6.198,6.11,6.082,,
4/18/08,6.762,6.352,6.3,6.273,6.202,6.222,,
4/25/08,6.885,6.62,6.535,6.41,6.32,6.315,,
5/2/08,6.543,6.463,6.355,6.233,6.245,6.25,,
5/9/08,6.43,6.37,6.24,6.113,6.198,6.215,,
5/16/08,6.548,6.48,6.35,6.218,6.305,6.328,,
5/23/08,6.91,6.85,6.74,6.605,6.57,6.528,,
5/30/08,6.92,6.852,6.74,6.6,6.57,6.537,,
6/6/08,7.07,6.992,6.87,6.727,6.675,6.64,,
6/13/08,7.235,7.152,7.032,6.865,6.775,6.73,,
6/20/08,7.085,7.025,6.932,6.793,6.718,6.67,,
6/27/08,6.92,6.825,6.715,6.582,6.488,6.46,,
7/4/08,6.905,6.813,6.715,6.573,6.46,6.432,,
7/11/08,6.847,6.707,6.557,6.435,6.385,6.367,,
7/18/08,6.815,6.585,6.45,6.38,6.367,6.367,,
7/25/08,6.68,6.46,6.3,6.263,6.267,6.267,,
8/1/08,6.395,6.215,6.055,6.057,6.115,6.125,,
8/8/08,6.07,5.932,5.81,5.843,5.878,5.927,,
8/15/08,5.945,5.778,5.68,5.735,5.787,5.852,,
8/22/08,5.95,5.758,5.662,5.71,5.742,5.795,,
8/29/08,5.918,5.718,5.642,5.698,5.7,5.753,,
9/5/08,5.813,5.575,5.515,5.568,5.582,5.63,,
9/12/08,5.885,5.653,5.6,5.628,5.655,5.698,,
9/19/08,5.653,5.423,5.37,5.44,5.51,5.577,,
9/26/08,5.51,5.367,5.34,5.423,5.52,5.622,,
10/3/08,4.9,4.9,4.925,5.027,5.14,5.278,,
10/10/08,3.61,4.06,4.31,4.62,4.855,5.128,,
10/17/08,3.925,4.145,4.463,4.81,5.048,5.338,,
10/24/08,3.975,4.055,4.282,4.555,4.685,4.95,,
10/31/08,4.14,4.238,4.455,4.688,4.883,5.16,,
11/7/08,3.415,3.805,4.135,4.455,4.76,5.177,,
11/14/08,3.075,3.515,3.85,4.185,4.61,5.043,,
11/21/08,2.89,3.22,3.57,3.875,4.19,4.625,,
11/28/08,2.89,3.175,3.557,3.865,4.15,4.58,,
12/5/08,2.945,3.09,3.548,3.82,3.89,4.28,,
12/12/08,2.932,2.733,3.345,3.705,3.825,4.298,,
12/19/08,2.895,2.78,3.14,3.51,3.665,4.023,,
12/26/08,3,2.873,3.205,3.56,3.715,4.088,,
1/2/09,2.94,2.82,3.15,3.52,3.595,3.955,,
1/9/09,3.025,2.875,3.185,3.565,3.755,4.12,,
1/16/09,2.92,2.63,2.92,3.315,3.575,3.973,,
1/23/09,2.87,2.58,2.84,3.285,3.63,4.1,,
1/30/09,2.595,2.41,2.66,3.125,3.55,4.103,,
2/6/09,2.77,2.89,3.115,3.63,3.945,4.443,,
2/13/09,2.625,2.735,2.895,3.445,3.818,4.235,,
2/20/09,2.645,2.7,2.86,3.37,3.745,4.165,,
2/27/09,2.75,2.77,2.985,3.55,4.005,4.403,,
3/6/09,2.64,2.82,3.117,3.69,4.04,4.44,,
3/13/09,2.68,2.84,3.15,3.645,4.108,4.52,,
3/20/09,2.608,2.828,3.11,3.665,3.988,4.38,,
3/27/09,2.97,3.235,3.51,4.07,4.368,4.755,,
4/3/09,2.965,3.255,3.533,4.095,4.27,4.625,,
4/10/09,2.905,3.295,3.59,4.14,4.4,4.785,,
4/17/09,2.9,3.33,3.62,4.165,4.363,4.733,,
4/24/09,2.758,3.22,3.51,4.063,4.345,4.698,,
5/1/09,2.715,3.18,3.478,4.068,4.485,4.783,,
5/8/09,3.045,3.535,3.883,4.45,4.778,5.11,,
5/15/09,2.968,3.445,3.808,4.393,4.73,5.045,,
5/22/09,3.215,3.725,4.125,4.758,5.073,5.395,,
5/29/09,3.027,3.537,3.997,4.705,5.142,5.485,,
6/5/09,3.26,3.757,4.227,4.96,5.43,5.765,,
6/12/09,3.42,3.97,4.468,5.145,5.435,5.705,,
6/19/09,3.605,4.155,4.675,5.363,5.66,5.903,,
6/26/09,3.51,4.11,4.665,5.32,5.495,5.71,,
7/3/09,3.27,3.795,4.35,5.06,5.285,5.508,,
7/10/09,3.195,3.7,4.195,4.88,5.175,5.395,,
7/17/09,3.322,3.915,4.423,5.102,5.36,5.565,,
7/24/09,3.497,4.213,4.75,5.44,5.62,5.802,,
7/31/09,3.598,4.29,4.845,5.452,5.56,5.71,,
8/7/09,3.79,4.455,4.98,5.525,5.617,5.747,,
8/14/09,3.935,4.577,4.985,5.48,5.58,5.688,,
8/21/09,3.767,4.35,4.738,5.215,5.347,5.465,,
8/28/09,3.99,4.573,4.975,5.34,5.355,5.463,,
9/4/09,3.97,4.495,4.85,5.245,5.355,5.523,,
9/11/09,3.68,4.17,4.568,5.02,5.173,5.36,,
9/18/09,3.7,4.22,4.662,5.08,5.227,5.395,,
9/25/09,3.688,4.16,4.617,5.035,5.17,5.325,,
10/2/09,3.797,4.23,4.62,4.975,5.06,5.215,,
10/9/09,4.088,4.523,4.892,5.202,5.215,5.303,,
10/16/09,4.395,4.82,5.21,5.49,5.573,5.685,,
10/23/09,4.53,4.93,5.287,5.565,5.66,5.8,,
10/30/09,4.3,4.673,5.008,5.293,5.465,5.62,,
11/6/09,4.24,4.695,5.035,5.36,5.54,5.7,,
11/13/09,4.23,4.69,5.033,5.355,5.475,5.6,,
11/20/09,4.15,4.472,4.775,5.115,5.325,5.46,,
11/27/09,4.03,4.295,4.588,4.923,5.11,5.23,,
12/4/09,4.19,4.343,4.648,5.025,5.285,5.425,,
12/11/09,4.335,4.565,4.82,5.225,5.463,5.59,,
12/18/09,4.108,4.253,4.488,4.977,5.238,5.43,,
12/25/09,4.15,4.325,4.593,5.088,5.455,5.657,,
1/1/10,4.23,4.405,4.66,5.162,5.515,5.725,,
1/8/10,4.34,4.517,4.818,5.307,5.573,5.76,,
1/15/10,4.35,4.51,4.815,5.278,5.497,5.645,,
1/22/10,4.27,4.352,4.668,5.12,5.33,5.485,,
1/29/10,4.22,4.22,4.523,5.008,5.287,5.45,,
2/5/10,4.07,4.43,4.72,5.048,5.255,5.463,,
2/12/10,4.26,4.64,4.92,5.225,5.395,5.58,,
2/19/10,4.31,4.673,4.948,5.278,5.465,5.648,,
2/26/10,4.227,4.56,4.823,5.135,5.34,5.51,,
3/5/10,4.302,4.608,4.858,5.14,5.31,5.465,,
3/12/10,4.49,4.883,5.125,5.398,5.535,5.675,,
3/19/10,4.48,4.878,5.125,5.403,5.528,5.655,,
3/26/10,4.545,4.945,5.222,5.485,5.623,5.738,,
4/2/10,4.528,4.95,5.24,5.488,5.64,5.762,,
4/9/10,4.565,5.005,5.305,5.553,5.713,5.83,,
4/16/10,4.508,4.988,5.305,5.552,5.718,5.84,,
4/23/10,4.525,4.985,5.293,5.537,5.68,5.8,,
4/30/10,4.475,4.94,5.275,5.512,5.608,5.715,,
5/7/10,4.305,4.66,4.942,5.18,5.355,5.453,,
5/14/10,4.435,4.745,5.04,5.28,5.41,5.51,,
5/21/10,4.2,4.44,4.745,5.032,5.27,5.412,,
5/28/10,4.28,4.5,4.793,5.088,5.287,5.448,,
6/4/10,4.35,4.51,4.785,5.08,5.265,5.427,,
6/11/10,4.51,4.59,4.768,5.038,5.228,5.403,,
6/18/10,4.53,4.615,4.75,5.02,5.185,5.355,,
6/25/10,4.483,4.557,4.633,4.872,5.085,5.262,,
7/2/10,4.465,4.448,4.45,4.685,4.92,5.115,,
7/9/10,4.552,4.545,4.555,4.785,4.94,5.11,,
7/16/10,4.56,4.56,4.56,4.775,4.943,5.122,,
7/23/10,4.615,4.675,4.668,4.845,5.028,5.19,,
7/30/10,4.51,4.565,4.568,4.765,5.028,5.215,,
8/6/10,4.58,4.605,4.625,4.813,4.983,5.16,,
8/13/10,4.515,4.517,4.53,4.705,4.87,5.03,,
8/20/10,4.418,4.415,4.412,4.588,4.765,4.925,,
8/27/10,4.34,4.335,4.332,4.488,4.653,4.815,,
9/3/10,4.387,4.383,4.39,4.53,4.71,4.865,,
9/10/10,4.555,4.57,4.588,4.727,4.845,4.977,,
9/17/10,4.63,4.762,4.83,4.892,4.98,5.115,,
9/24/10,4.68,4.843,4.903,4.94,4.99,5.06,,
10/1/10,4.698,4.84,4.892,4.923,5.008,5.063,,
10/8/10,4.682,4.883,4.945,4.963,4.985,5.008,,
10/15/10,4.62,4.84,4.903,4.927,5.048,5.1,,
10/22/10,4.648,4.915,4.977,4.992,5.097,5.16,,
10/29/10,4.543,4.855,4.932,4.972,5.113,5.213,,
11/5/10,4.778,5.06,5.108,5.135,5.195,5.253,,
11/12/10,4.73,5.085,5.137,5.173,5.29,5.365,,
11/19/10,4.995,5.125,5.218,5.275,5.398,5.505,,
11/26/10,4.923,5.063,5.155,5.213,5.38,5.485,,
12/3/10,4.832,4.957,5.05,5.12,5.325,5.47,,
12/10/10,4.94,5.075,5.177,5.255,5.44,5.588,,
12/17/10,4.957,5.125,5.242,5.332,5.463,5.575,,
12/24/10,5.048,5.21,5.343,5.435,5.557,5.655,,
12/31/10,4.95,5.11,5.24,5.335,5.43,5.515,,
1/7/11,4.867,5.03,5.157,5.26,5.452,5.593,,
1/14/11,4.83,4.968,5.07,5.18,5.35,5.492,,
1/21/11,4.905,5.045,5.19,5.307,5.488,5.633,,
1/28/11,4.77,4.892,5.032,5.148,5.335,5.483,,
2/4/11,4.96,5.097,5.255,5.38,5.537,5.67,,
2/11/11,4.907,5.063,5.238,5.365,5.55,5.68,,
2/18/11,4.89,5.037,5.213,5.332,5.495,5.622,,
2/25/11,4.83,4.95,5.117,5.242,5.392,5.517,,
3/4/11,4.883,5.005,5.145,5.278,5.438,5.565,,
3/11/11,4.805,4.883,5.008,5.145,5.335,5.463,,
3/18/11,4.72,4.782,4.925,5.14,5.293,5.398,,
3/25/11,4.77,4.872,4.992,5.2,5.34,5.443,,
4/1/11,4.832,4.957,5.085,5.293,5.445,5.552,,
4/8/11,4.93,5.045,5.168,5.385,5.525,5.637,,
4/15/11,4.892,5.043,5.175,5.378,5.495,5.602,,
4/22/11,4.852,4.988,5.12,5.325,5.415,5.528,,
4/29/11,4.885,4.977,5.095,5.265,5.34,5.44,,
5/6/11,4.98,5.023,5.117,5.267,5.33,5.418,,
5/13/11,4.912,4.968,5.068,5.2,5.285,5.365,,
5/20/11,4.898,4.948,5.032,5.165,5.247,5.327,,
5/27/11,4.843,4.86,4.927,5.065,5.17,5.253,,
6/3/11,4.86,4.883,4.935,5.068,5.18,5.262,,
6/10/11,4.745,4.77,4.807,4.955,5.095,5.188,,
6/17/11,4.698,4.698,4.705,4.805,4.985,5.105,,
6/24/11,4.675,4.675,4.677,4.767,4.945,5.097,,
7/1/11,4.787,4.827,4.865,4.965,5.11,5.278,,
7/8/11,4.7,4.71,4.758,4.885,5.063,5.222,,
7/15/11,4.42,4.415,4.448,4.585,4.76,4.955,,
7/22/11,4.472,4.443,4.477,4.613,4.775,5,,
7/29/11,4.455,4.392,4.42,4.508,4.648,4.825,,
8/5/11,3.882,3.838,3.828,3.97,4.265,4.565,,
8/12/11,3.595,3.68,3.755,3.895,4.113,4.398,,
8/19/11,3.547,3.547,3.58,3.727,3.935,4.24,,
8/26/11,3.775,3.775,3.84,3.96,4.142,4.407,,
9/2/11,3.797,3.773,3.852,3.963,4.162,4.418,,
9/9/11,3.755,3.68,3.747,3.852,4.028,4.273,,
9/16/11,3.625,3.622,3.713,3.807,3.98,4.22,,
9/23/11,3.615,3.453,3.543,3.635,3.807,4.03,,
9/30/11,3.765,3.625,3.693,3.81,3.99,4.25,,
10/7/11,3.793,3.62,3.678,3.807,4.003,4.293,,
10/14/11,3.965,3.807,3.865,3.987,4.157,4.435,,
10/21/11,4.032,3.842,3.892,4.015,4.193,4.477,,
10/28/11,4.122,3.955,3.997,4.108,4.302,4.56,,
11/4/11,3.943,3.705,3.715,3.848,4.045,4.315,,
11/11/11,3.65,3.485,3.475,3.62,3.852,4.145,,
11/18/11,3.443,3.255,3.295,3.445,3.703,4.035,,
11/25/11,3.303,3.037,3.055,3.213,3.493,3.865,,
12/2/11,3.56,3.243,3.28,3.44,3.668,4.028,,
12/9/11,3.398,3.072,3.085,3.25,3.47,3.825,,
12/16/11,3.425,3.095,3.075,3.237,3.45,3.785,,
12/23/11,3.487,3.168,3.14,3.342,3.55,3.87,,
12/30/11,3.493,3.17,3.14,3.313,3.497,3.8,,
1/6/12,3.595,3.27,3.233,3.398,3.635,3.932,,
1/13/12,3.713,3.322,3.303,3.463,3.66,3.94,,
1/20/12,3.7,3.28,3.273,3.418,3.662,3.94,,
1/27/12,3.71,3.29,3.3,3.445,3.652,3.945,,
2/3/12,3.7,3.205,3.215,3.342,3.535,3.82,,
2/10/12,3.955,3.55,3.537,3.638,3.855,4.128,,
2/17/12,4.057,3.655,3.645,3.71,3.885,4.148,,
2/24/12,4.065,3.735,3.733,3.795,3.957,4.22,,
3/2/12,4.082,3.77,3.773,3.832,3.96,4.207,,
3/9/12,3.96,3.64,3.638,3.697,3.858,4.105,,
3/16/12,3.9,3.795,3.797,3.875,4.068,4.332,,
3/23/12,3.803,3.697,3.703,3.787,4.008,4.3,,
3/30/12,3.61,3.473,3.477,3.56,3.78,4.077,,
4/6/12,3.6,3.44,3.432,3.527,3.757,4.065,,
4/13/12,3.475,3.275,3.267,3.35,3.56,3.85,,
4/20/12,3.445,3.245,3.24,3.32,3.537,3.838,,
4/27/12,3.205,3.007,3.003,3.1,3.352,3.66,,
5/4/12,3.085,2.868,2.862,2.99,3.247,3.57,,
5/11/12,3.045,2.733,2.69,2.805,3.03,3.328,,
5/18/12,2.777,2.457,2.388,2.513,2.777,3.092,,
5/25/12,2.723,2.45,2.385,2.547,2.82,3.158,,
6/1/12,2.477,2.165,2.065,2.227,2.525,2.868,,
6/8/12,2.725,2.435,2.332,2.453,2.727,3.053,,
6/15/12,2.717,2.415,2.322,2.428,2.688,3,,
6/22/12,2.835,2.507,2.48,2.612,2.775,3.07,,
6/29/12,2.922,2.515,2.52,2.642,2.793,3.092,,
7/6/12,2.935,2.507,2.487,2.598,2.723,3.005,,
7/13/12,2.838,2.313,2.26,2.37,2.513,2.81,,
7/20/12,2.928,2.43,2.32,2.415,2.557,2.842,,
7/27/12,3.05,2.622,2.438,2.53,2.63,2.888,,
8/3/12,3.082,2.77,2.59,2.685,2.793,3.037,,
8/10/12,3.16,2.865,2.717,2.815,2.932,3.16,,
8/17/12,3.225,2.977,2.858,2.97,3.122,3.382,,
8/24/12,3.14,2.855,2.688,2.79,2.928,3.195,,
8/31/12,3.043,2.74,2.49,2.595,2.745,3.037,,
9/7/12,3.098,2.795,2.568,2.665,2.818,3.118,,
9/14/12,3.148,2.918,2.72,2.8,2.922,3.197,,
9/21/12,2.84,2.747,2.688,2.85,3.033,3.313,,
9/28/12,2.638,2.485,2.453,2.608,2.767,3.017,,
10/5/12,2.625,2.475,2.46,2.612,2.805,3.057,,
10/12/12,2.62,2.455,2.45,2.608,2.797,3.045,,
10/19/12,2.678,2.565,2.565,2.73,2.94,3.197,,
10/26/12,2.72,2.642,2.648,2.805,2.99,3.24,,
11/2/12,2.705,2.625,2.622,2.765,2.93,3.172,,
11/9/12,2.838,2.67,2.612,2.727,2.885,3.112,,
11/16/12,2.8,2.632,2.527,2.652,2.815,3.037,,
11/23/12,2.842,2.78,2.74,2.885,3.075,3.303,,
11/30/12,2.783,2.675,2.622,2.76,2.945,3.172,,
12/7/12,2.757,2.642,2.608,2.745,2.908,3.132,,
12/14/12,2.82,2.803,2.818,2.963,3.165,3.385,,
12/21/12,2.69,2.705,2.735,2.9,3.108,3.345,,
12/28/12,2.665,2.685,2.717,2.878,3.085,3.322,,
1/4/13,2.755,2.78,2.828,2.987,3.2,3.443,,
1/11/13,2.793,2.813,2.855,3.023,3.223,3.48,,
1/18/13,2.767,2.767,2.803,2.963,3.158,3.418,,
1/25/13,2.675,2.682,2.7,2.865,3.07,3.328,,
2/1/13,2.795,2.813,2.845,3.045,3.267,3.525,,
2/8/13,2.745,2.765,2.805,3.005,3.22,3.485,,
2/15/13,2.767,2.78,2.835,3.053,3.273,3.543,,
2/22/13,2.785,2.803,2.84,3.07,3.277,3.537,,
3/1/13,2.688,2.668,2.697,2.912,3.098,3.345,,
3/8/13,2.871,2.848,2.908,3.111,3.328,3.554,,
3/15/13,2.961,3.043,3.124,3.278,3.457,3.641,,
3/22/13,2.934,2.971,3.033,3.188,3.381,3.576,,
3/29/13,2.81,2.824,2.871,3.024,3.218,3.415,,
4/5/13,2.842,2.835,2.856,2.995,3.162,3.338,,
4/12/13,2.824,2.818,2.822,2.96,3.149,3.319,,
4/19/13,2.716,2.7,2.715,2.844,3.035,3.204,,
4/26/13,2.635,2.625,2.642,2.785,2.999,3.171,,
5/3/13,2.534,2.513,2.539,2.682,2.872,3.05,,
5/10/13,2.574,2.576,2.637,2.81,3.036,3.24,,
5/17/13,2.45,2.461,2.523,2.703,2.958,3.18,,
5/24/13,2.555,2.554,2.627,2.825,3.103,3.34,,
5/31/13,2.535,2.56,2.622,2.817,3.121,3.378,,
6/7/13,2.4,2.439,2.495,2.702,3.009,3.285,,
6/14/13,2.483,2.503,2.577,2.803,3.116,3.401,,
6/21/13,2.625,2.786,2.852,3.108,3.46,3.779,,
6/28/13,2.481,2.671,2.763,3.058,3.431,3.78,,
7/5/13,2.604,2.749,2.829,3.141,3.501,3.843,,
7/12/13,2.492,2.593,2.673,3.017,3.399,3.759,,
7/19/13,2.487,2.573,2.657,2.983,3.364,3.687,,
7/26/13,2.481,2.574,2.668,3.016,3.433,3.791,,
8/2/13,2.352,2.481,2.572,2.951,3.394,3.792,,
8/9/13,2.36,2.452,2.552,2.917,3.351,3.729,,
8/16/13,2.484,2.633,2.736,3.134,3.588,3.982,,
8/23/13,2.458,2.676,2.804,3.204,3.655,4.061,,
8/30/13,2.395,2.593,2.715,3.105,3.536,3.917,,
9/6/13,2.554,2.848,2.969,3.35,3.803,4.157,,
9/13/13,2.503,2.797,2.932,3.305,3.76,4.117,,
9/20/13,2.48,2.695,2.967,3.385,3.764,4.041,,
9/27/13,2.451,2.635,2.9,3.316,3.687,3.968,,
10/4/13,2.529,2.719,3,3.402,3.77,4.047,,
10/11/13,2.585,2.829,3.128,3.533,3.888,4.154,,
10/18/13,2.549,2.739,3.068,3.478,3.853,4.124,,
10/25/13,2.519,2.682,3.013,3.39,3.717,3.973,,
11/1/13,2.553,2.728,3.054,3.444,3.811,4.074,,
11/8/13,2.568,2.757,3.083,3.488,3.865,4.139,,
11/15/13,2.568,2.753,3.085,3.511,3.913,4.211,,
11/22/13,2.558,2.784,3.165,3.603,4.021,4.335,,
11/29/13,2.534,2.727,3.075,3.522,3.921,4.231,,
12/6/13,2.54,2.783,3.148,3.648,4.099,4.444,,
12/13/13,2.5,2.658,2.999,3.51,3.967,4.334,4.898,
12/20/13,2.505,2.648,2.967,3.483,3.924,4.291,4.835,
12/27/13,2.557,2.691,3.011,3.519,3.921,4.281,4.829,
1/3/14,2.561,2.713,3.023,3.543,3.99,4.351,4.932,
1/10/14,2.55,2.698,3.023,3.533,3.913,4.275,4.809,
1/17/14,2.427,2.543,2.858,3.372,3.754,4.113,4.708,
1/24/14,2.376,2.511,2.834,3.325,3.705,4.056,4.651,
1/31/14,2.396,2.533,2.848,3.321,3.66,3.999,4.575,
2/7/14,2.563,2.68,3.009,3.467,3.828,4.141,4.715,
2/14/14,2.518,2.628,2.963,3.428,3.815,4.138,4.715,
2/21/14,2.531,2.671,3.014,3.482,3.877,4.21,4.782,
2/28/14,2.433,2.513,2.835,3.302,3.684,4.023,4.59,
3/7/14,2.59,2.694,2.975,3.451,3.838,4.173,4.754,
3/14/14,2.548,2.623,2.89,3.368,3.729,4.058,4.638,
3/21/14,2.63,2.864,3.143,3.49,3.839,4.168,4.74,
3/28/14,2.6,2.831,3.116,3.442,3.758,4.082,4.648,
4/4/14,2.61,2.888,3.178,3.505,3.839,4.168,4.71,
4/11/14,2.595,2.817,3.1,3.4,3.7,4.019,4.551,
4/18/14,2.588,2.783,3.048,3.343,3.662,3.968,4.493,
4/25/14,2.585,2.748,3.009,3.312,3.654,3.973,4.492,
5/2/14,2.59,2.752,3.001,3.297,3.601,3.918,4.445,
5/9/14,2.579,2.709,2.935,3.221,3.521,3.83,4.363,
5/16/14,2.565,2.678,2.889,3.161,3.43,3.722,4.25,
5/23/14,2.576,2.69,2.907,3.182,3.494,3.797,4.329,
5/30/14,2.558,2.652,2.857,3.108,3.379,3.671,4.202,
6/6/14,2.549,2.704,2.9,3.158,3.482,3.781,4.309,
6/13/14,2.501,2.698,2.899,3.164,3.484,3.794,4.308,
6/20/14,2.489,2.587,2.784,3.046,3.364,3.683,4.177,
6/27/14,2.461,2.516,2.696,2.959,3.243,3.55,4.05,
7/4/14,2.486,2.535,2.682,2.949,3.283,3.599,4.1,
7/11/14,2.468,2.467,2.589,2.842,3.126,3.439,3.935,
7/18/14,2.466,2.461,2.554,2.799,3.073,3.373,3.867,
7/25/14,2.533,2.595,2.697,2.936,3.175,3.449,3.948,
8/1/14,2.568,2.629,2.746,2.987,3.249,3.538,4.038,
8/8/14,2.493,2.471,2.56,2.787,3.04,3.322,3.825,
8/15/14,2.499,2.544,2.635,2.868,3.115,3.41,3.908,
8/22/14,2.521,2.598,2.711,2.937,3.189,3.484,3.99,
8/29/14,2.503,2.541,2.642,2.841,3.06,3.305,3.81,
9/5/14,2.527,2.632,2.742,2.946,3.199,3.473,3.976,
9/12/14,2.564,2.713,2.864,3.061,3.343,3.632,4.135,
9/19/14,2.6,2.843,2.984,3.235,3.414,3.734,4.241,
9/26/14,2.594,2.684,2.824,3.046,3.198,3.497,3.995,
10/3/14,2.584,2.64,2.764,2.995,3.174,3.472,3.973,
10/10/14,2.563,2.554,2.651,2.875,3.048,3.336,3.846,
10/17/14,2.517,2.538,2.611,2.825,2.976,3.234,3.723,
10/24/14,2.479,2.518,2.611,2.825,2.999,3.281,3.753,
10/31/14,2.514,2.547,2.648,2.844,3.024,3.298,3.761,
11/7/14,2.538,2.576,2.662,2.863,3.064,3.369,3.815,
11/14/14,2.548,2.582,2.657,2.853,3.041,3.348,3.793,
11/21/14,2.555,2.54,2.592,2.783,2.991,3.292,3.737,
11/28/14,2.503,2.436,2.431,2.586,2.769,3.057,3.5,
12/5/14,2.357,2.328,2.318,2.484,2.711,3.048,3.499,
12/12/14,2.353,2.32,2.312,2.453,2.612,2.903,3.363,
12/19/14,2.324,2.334,2.313,2.498,2.779,3.002,3.56,
12/26/14,2.316,2.292,2.278,2.456,2.733,2.956,3.499,
1/2/15,2.308,2.23,2.209,2.38,2.65,2.878,3.418,
1/9/15,2.291,2.204,2.169,2.307,2.52,2.73,3.23,
1/16/15,2.214,2.15,2.104,2.202,2.397,2.579,3.031,
1/23/15,2.174,2.135,2.117,2.231,2.456,2.638,3.104,
1/30/15,2.029,1.996,1.969,2.09,2.285,2.469,2.913,
2/6/15,2.003,1.949,1.927,2.046,2.266,2.454,2.921,
2/13/15,1.897,1.88,1.873,2.028,2.287,2.516,2.999,
2/20/15,1.897,1.892,1.887,2.06,2.337,2.579,3.078,
2/27/15,1.881,1.807,1.804,1.967,2.232,2.466,2.975,
3/6/15,1.92,1.931,1.934,2.108,2.404,2.645,3.143,
3/13/15,1.917,1.892,1.891,2.065,2.322,2.563,3.045,
3/20/15,1.882,1.774,1.808,1.925,2.178,2.383,2.888,
3/27/15,1.881,1.793,1.816,1.946,2.223,2.421,2.903,
4/3/15,1.783,1.695,1.71,1.85,2.113,2.316,2.793,
4/10/15,1.871,1.782,1.805,1.926,2.162,2.371,2.835,
4/17/15,1.917,1.832,1.828,1.951,2.191,2.381,2.843,
4/24/15,2.007,1.95,1.95,2.081,2.345,2.549,3.033,
5/1/15,1.941,1.946,1.966,2.122,2.437,2.683,3.175,
5/8/15,1.977,2.067,2.148,2.287,2.613,2.875,3.37,
5/15/15,1.981,2.022,2.138,2.294,2.643,2.935,3.475,
5/22/15,1.981,2.019,2.127,2.291,2.636,2.93,3.485,
5/29/15,1.917,1.895,1.969,2.128,2.464,2.74,3.293,
6/5/15,1.977,2.074,2.147,2.353,2.747,3.054,3.653,
6/12/15,1.992,2.074,2.132,2.335,2.697,3.025,3.624,
6/19/15,1.933,1.888,1.91,2.25,2.528,2.879,3.481,
6/26/15,1.989,2.072,2.137,2.488,2.732,3.075,3.698,
7/3/15,1.96,2.001,2.085,2.478,2.738,3.089,3.723,
7/10/15,1.945,1.959,1.994,2.338,2.605,2.95,3.581,
7/17/15,1.976,1.983,2.033,2.375,2.622,2.968,3.588,
7/24/15,1.936,1.88,1.912,2.21,2.474,2.819,3.425,
7/31/15,1.93,1.882,1.914,2.195,2.435,2.767,3.376,
8/7/15,1.991,1.989,2.005,2.285,2.536,2.852,3.461,
8/14/15,2.013,1.972,1.988,2.258,2.504,2.793,3.409,
8/21/15,1.959,1.852,1.825,2.09,2.308,2.576,3.188,
8/28/15,1.9,1.837,1.825,2.133,2.403,2.735,3.374,
9/4/15,1.875,1.771,1.743,2.06,2.314,2.628,3.282,
9/11/15,1.95,1.909,1.89,2.2,2.428,2.739,3.377,
9/18/15,1.978,1.937,1.949,2.265,2.481,2.778,3.41,
9/25/15,1.977,1.926,1.919,2.215,2.439,2.695,3.34,
10/2/15,1.941,1.867,1.863,2.142,2.37,2.633,3.256,
10/9/15,1.905,1.895,1.911,2.18,2.428,2.717,3.384,
10/16/15,1.796,1.787,1.818,2.073,2.316,2.583,3.22,
10/23/15,1.794,1.796,1.838,2.105,2.324,2.618,3.259,
10/30/15,1.798,1.781,1.833,2.093,2.325,2.633,3.278,
11/6/15,1.915,1.908,1.974,2.23,2.468,2.775,3.43,
11/13/15,2.023,2.059,2.164,2.418,2.645,2.958,3.584,
11/20/15,1.995,2.045,2.142,2.363,2.6,2.913,3.533,
11/27/15,1.998,2.013,2.107,2.313,2.55,2.85,3.453,
12/4/15,2.011,2.102,2.183,2.39,2.635,2.952,3.556,
12/11/15,2.034,2.088,2.172,2.36,2.569,2.846,3.449,
12/18/15,2.028,2.007,2.059,2.258,2.475,2.767,3.377,
12/25/15,2.044,2.038,2.072,2.314,2.583,2.828,3.387,
1/1/16,2.027,2.033,2.057,2.314,2.626,2.889,3.433,
1/8/16,2.02,2.014,2.025,2.266,2.526,2.777,3.318,
1/15/16,2,1.963,1.946,2.191,2.461,2.704,3.242,
1/22/16,1.928,1.973,1.959,2.225,2.489,2.739,3.297,
1/29/16,1.922,1.915,1.905,2.16,2.429,2.665,3.234,
2/5/16,1.942,1.868,1.853,2.099,2.331,2.556,3.144,
2/12/16,1.927,1.801,1.77,1.993,2.215,2.421,3.001,
2/19/16,1.935,1.825,1.791,2.026,2.232,2.432,3.035,
2/26/16,1.927,1.781,1.74,1.962,2.193,2.402,3.004,
3/4/16,1.971,1.946,1.925,2.149,2.358,2.557,3.143,
3/11/16,2.026,2.031,2.048,2.26,2.469,2.678,3.274,
3/18/16,2.009,1.956,1.973,2.172,2.359,2.558,3.158,
3/25/16,2.024,1.98,2.007,2.201,2.384,2.589,3.195,
4/1/16,2.036,1.956,1.956,2.149,2.33,2.536,3.145,
4/8/16,1.972,1.854,1.827,2.008,2.205,2.405,3.018,
4/15/16,2.054,2.038,2.004,2.188,2.383,2.578,3.198,
4/22/16,2.094,2.066,2.053,2.235,2.446,2.639,3.228,
4/29/16,1.905,1.868,1.864,2.064,2.3,2.516,3.127,
5/6/16,1.682,1.592,1.57,1.795,2.061,2.295,2.931,
5/13/16,1.701,1.598,1.58,1.792,2.043,2.279,2.948,
5/20/16,1.695,1.641,1.607,1.827,2.061,2.304,2.984,
5/27/16,1.691,1.656,1.614,1.82,2.027,2.264,2.922,
6/3/16,1.709,1.659,1.598,1.778,2.006,2.242,2.861,
6/10/16,1.674,1.673,1.59,1.741,1.917,2.11,2.747,
6/17/16,1.622,1.63,1.582,1.709,1.904,2.095,2.704,
6/24/16,1.577,1.533,1.486,1.61,1.794,1.981,2.591,
7/1/16,1.602,1.577,1.547,1.643,1.806,1.974,2.565,
7/8/16,1.653,1.595,1.553,1.614,1.744,1.885,2.425,
7/15/16,1.688,1.641,1.597,1.668,1.83,1.979,2.503,
7/22/16,1.637,1.511,1.472,1.55,1.718,1.89,2.467,
7/29/16,1.61,1.537,1.492,1.573,1.73,1.904,2.435,
8/5/16,1.503,1.486,1.446,1.552,1.694,1.89,2.47,
8/12/16,1.51,1.464,1.429,1.54,1.723,1.914,2.495,
8/19/16,1.424,1.43,1.403,1.617,1.778,1.927,2.456,
8/26/16,1.445,1.471,1.443,1.644,1.779,1.923,2.462,
9/2/16,1.493,1.488,1.458,1.659,1.775,1.908,2.462,
9/9/16,1.578,1.563,1.539,1.75,1.883,2.021,2.57,
9/16/16,1.582,1.582,1.618,1.867,2.033,2.161,2.808,
9/23/16,1.617,1.62,1.633,1.818,1.933,2.051,2.651,
9/30/16,1.562,1.552,1.52,1.687,1.83,1.961,2.565,
10/7/16,1.679,1.673,1.654,1.858,2.029,2.183,2.807,
10/14/16,1.743,1.751,1.756,1.951,2.123,2.275,2.85,
10/21/16,1.669,1.674,1.719,1.951,2.146,2.304,2.885,3.23
10/28/16,1.679,1.698,1.767,2.011,2.229,2.388,2.957,3.309
11/4/16,1.647,1.656,1.705,1.954,2.175,2.35,2.926,3.285
11/11/16,1.709,1.732,1.794,2.101,2.38,2.588,3.258,3.634
11/18/16,1.719,1.833,1.911,2.217,2.504,2.728,3.39,3.727
11/25/16,1.685,1.86,1.99,2.304,2.562,2.775,3.39,3.701
12/2/16,1.716,1.899,2.04,2.37,2.643,2.865,3.521,3.824
12/9/16,1.707,1.866,1.99,2.321,2.622,2.837,3.54,3.847
12/16/16,1.746,1.92,2.039,2.371,2.639,2.862,3.598,3.904
12/23/16,1.792,2.003,2.124,2.432,2.68,2.883,3.627,3.922
12/30/16,1.735,1.913,2.034,2.33,2.575,2.773,3.506,3.805
1/6/17,1.714,1.862,1.977,2.276,2.507,2.704,3.425,3.712
1/13/17,1.752,1.863,1.987,2.281,2.508,2.705,3.409,3.712
1/20/17,1.785,1.902,2.041,2.335,2.589,2.788,3.49,3.826
1/27/17,1.737,1.851,1.991,2.297,2.573,2.787,3.505,3.847
2/3/17,1.755,1.849,1.981,2.292,2.565,2.801,3.538,3.876
2/10/17,1.701,1.83,1.946,2.235,2.492,2.707,3.415,3.753
2/17/17,1.628,1.864,2.036,2.335,2.602,2.818,3.524,3.832
2/24/17,1.581,1.803,1.971,2.267,2.53,2.744,3.44,3.748
3/3/17,1.623,1.847,2.024,2.333,2.601,2.82,3.508,3.817
3/10/17,1.608,1.924,2.139,2.468,2.754,2.986,3.611,3.945
3/17/17,1.636,1.845,2.046,2.383,2.642,2.875,3.479,3.82
3/24/17,1.638,1.784,1.973,2.31,2.549,2.773,3.419,3.743
3/31/17,1.579,1.772,1.929,2.259,2.494,2.711,3.317,3.623
4/7/17,1.522,1.643,1.784,2.096,2.33,2.54,3.192,3.491
4/14/17,1.597,1.623,1.761,2.057,2.259,2.472,3.108,3.408
4/21/17,1.622,1.66,1.796,2.104,2.326,2.543,3.191,3.506
4/28/17,1.619,1.668,1.814,2.128,2.363,2.591,3.228,3.551
5/5/17,1.657,1.727,1.871,2.195,2.44,2.662,3.313,3.622
5/12/17,1.642,1.679,1.816,2.141,2.404,2.641,3.291,3.607
5/19/17,1.62,1.639,1.751,2.05,2.283,2.497,3.155,3.478
5/26/17,1.58,1.582,1.67,1.954,2.196,2.417,3.07,3.396
6/2/17,1.576,1.587,1.672,1.947,2.195,2.423,3.065,3.391
6/9/17,1.602,1.629,1.718,1.98,2.199,2.416,3.045,3.371
6/16/17,1.613,1.689,1.775,2.026,2.222,2.424,3.025,3.345
6/23/17,1.624,1.671,1.773,2.022,2.197,2.387,2.98,3.294
6/30/17,1.641,1.744,1.924,2.192,2.404,2.602,3.19,3.493
7/7/17,1.66,1.749,1.944,2.252,2.472,2.677,3.278,3.577
7/14/17,1.661,1.842,2.022,2.23,2.554,2.726,3.271,3.579
7/21/17,1.651,1.856,2.031,2.231,2.55,2.717,3.25,3.564
7/28/17,1.649,1.827,1.993,2.198,2.524,2.698,3.238,3.554
8/4/17,1.652,1.786,1.958,2.156,2.458,2.629,3.169,3.482
8/11/17,1.665,1.775,1.946,2.142,2.423,2.594,3.125,3.441
8/18/17,1.661,1.806,1.978,2.171,2.461,2.627,3.152,3.465
8/25/17,1.672,1.848,2.01,2.205,2.495,2.659,3.175,3.487
9/1/17,1.668,1.866,2.023,2.214,2.509,2.674,3.194,3.499
9/8/17,1.702,1.848,1.986,2.167,2.42,2.572,3.085,3.394
9/15/17,1.742,1.949,2.116,2.311,2.59,2.75,3.258,3.57
9/22/17,1.747,1.975,2.16,2.367,2.66,2.811,3.311,3.616
9/29/17,1.794,1.962,2.15,2.368,2.68,2.84,3.323,3.606
10/6/17,1.799,1.927,2.108,2.336,2.657,2.822,3.313,3.585
10/13/17,1.803,1.936,2.106,2.324,2.638,2.802,3.303,3.583
10/20/17,1.833,1.942,2.111,2.321,2.625,2.784,3.266,3.548
10/27/17,1.774,1.881,2.043,2.264,2.614,2.79,3.273,3.558
11/3/17,1.739,1.778,1.92,2.178,2.416,2.586,3.067,3.348
11/10/17,1.727,1.807,1.953,2.198,2.459,2.623,3.105,3.396
11/17/17,1.716,1.793,1.944,2.186,2.423,2.584,3.081,3.356
11/24/17,1.729,1.778,1.925,2.154,2.363,2.516,2.993,3.262
12/1/17,1.699,1.784,1.944,2.174,2.392,2.546,3.027,3.304
12/8/17,1.726,1.811,1.96,2.18,2.392,2.539,3.014,3.266
12/15/17,1.726,1.896,2.048,2.25,2.407,2.532,3.012,3.253
12/22/17,1.801,2.015,2.177,2.395,2.588,2.717,3.188,3.438
12/29/17,1.817,1.992,2.145,2.358,2.548,2.672,3.132,3.379
1/5/18,1.699,1.9,2.083,2.295,2.493,2.619,3.071,3.318
1/12/18,1.685,2.042,2.135,2.37,2.601,2.731,3.189,3.441
1/19/18,1.685,2.121,2.246,2.485,2.723,2.852,3.257,3.505
1/26/18,1.801,2.089,2.214,2.465,2.703,2.839,3.236,3.478
2/2/18,1.785,2.014,2.13,2.403,2.667,2.818,3.202,3.43
2/9/18,1.766,1.988,2.095,2.386,2.688,2.849,3.261,3.488
2/16/18,1.815,2.027,2.135,2.428,2.733,2.898,3.309,3.53
2/23/18,1.819,1.987,2.076,2.362,2.661,2.827,3.258,3.458
3/2/18,1.849,1.976,2.062,2.328,2.57,2.724,3.149,3.345
3/9/18,1.881,2.022,2.159,2.418,2.627,2.804,3.189,3.392
3/16/18,1.874,1.966,2.075,2.328,2.533,2.692,3.076,3.278
3/23/18,1.954,2.047,2.157,2.371,2.52,2.656,3.041,3.251
3/30/18,1.928,2.022,2.131,2.333,2.49,2.595,2.981,3.181
4/6/18,1.95,2.048,2.166,2.372,2.538,2.667,3.06,3.259
4/13/18,2.007,2.08,2.194,2.418,2.603,2.73,3.122,3.324
4/20/18,2.005,2.128,2.243,2.471,2.686,2.821,3.19,3.395
4/27/18,1.978,2.096,2.236,2.485,2.693,2.834,3.198,3.398
5/4/18,1.935,2.043,2.19,2.434,2.644,2.782,3.116,3.307
5/11/18,1.893,2.024,2.176,2.407,2.639,2.792,3.109,3.302
5/18/18,1.89,2.06,2.237,2.485,2.736,2.92,3.236,3.413
5/25/18,1.848,2.013,2.167,2.404,2.614,2.792,3.123,3.295
6/1/18,1.831,2.002,2.111,2.335,2.522,2.689,3.035,3.218
6/8/18,1.887,2.071,2.194,2.42,2.634,2.797,3.143,3.326
6/15/18,1.929,2.039,2.135,2.356,2.557,2.702,3.046,3.226
6/22/18,1.929,2.032,2.096,2.307,2.503,2.649,2.975,3.155
6/29/18,1.939,2.018,2.077,2.29,2.495,2.659,2.945,3.108
7/6/18,1.914,1.994,2.075,2.281,2.482,2.634,2.961,3.128
7/13/18,1.997,2.016,2.072,2.27,2.471,2.635,2.948,3.114
7/20/18,2.013,2.051,2.11,2.29,2.469,2.628,2.931,3.102
7/27/18,1.981,2.017,2.082,2.265,2.485,2.661,2.962,3.133
8/3/18,2.035,2.058,2.136,2.324,2.553,2.73,3.032,3.21
8/10/18,1.961,1.982,2.04,2.219,2.435,2.61,2.914,3.086
8/17/18,1.976,2.002,2.022,2.189,2.382,2.549,2.872,3.047
8/24/18,1.981,2.002,2.021,2.187,2.375,2.546,2.889,3.073
8/31/18,1.975,1.968,1.981,2.147,2.356,2.529,2.87,3.051
9/7/18,1.98,1.984,1.99,2.139,2.359,2.547,2.876,3.054
9/14/18,1.97,2.036,2.038,2.179,2.405,2.613,2.942,3.116
9/21/18,2.009,2.112,2.13,2.286,2.523,2.716,3.037,3.206
9/28/18,1.939,2.041,2.067,2.241,2.472,2.675,2.992,3.16
10/5/18,1.914,1.999,2.033,2.231,2.494,2.719,3.044,3.212
10/12/18,1.953,2.058,2.127,2.265,2.522,2.758,3.076,3.237
10/19/18,1.918,2.038,2.106,2.24,2.465,2.693,3.007,3.165
10/26/18,1.944,2,2.058,2.187,2.39,2.611,2.945,3.108
11/2/18,1.955,2.05,2.127,2.26,2.474,2.698,3.033,3.203
11/9/18,1.94,2.102,2.191,2.323,2.552,2.772,3.102,3.278
11/16/18,1.963,2.064,2.145,2.278,2.477,2.691,3.026,3.205
11/23/18,1.95,2.046,2.12,2.255,2.447,2.662,2.996,3.181
11/30/18,1.91,2.011,2.072,2.205,2.382,2.594,2.936,3.12
12/7/18,1.87,1.924,1.932,2.055,2.241,2.454,2.795,2.984
12/14/18,1.936,1.996,1.979,2.084,2.269,2.461,2.795,2.987
12/21/18,1.986,1.984,1.901,1.981,2.175,2.381,2.671,2.856
12/28/18,1.978,1.943,1.863,1.951,2.151,2.361,2.657,2.845
1/4/19,1.857,1.839,1.745,1.836,2.005,2.214,2.534,2.723
1/11/19,1.914,1.897,1.821,2,2.165,2.31,2.644,2.84
1/18/19,1.915,1.892,1.816,1.982,2.163,2.314,2.651,2.849
1/25/19,1.883,1.824,1.722,1.868,2.05,2.212,2.525,2.724
2/1/19,1.878,1.827,1.739,1.863,2.046,2.207,2.539,2.746
2/8/19,1.757,1.714,1.617,1.71,1.912,2.094,2.447,2.656
2/15/19,1.789,1.755,1.668,1.761,1.93,2.101,2.517,2.654
2/22/19,1.765,1.717,1.642,1.739,1.916,2.097,2.517,2.647
3/1/19,1.766,1.737,1.666,1.774,1.964,2.147,2.568,2.713
3/8/19,1.708,1.673,1.59,1.686,1.839,2.022,2.448,2.599
3/15/19,1.639,1.605,1.54,1.61,1.799,1.979,2.438,2.611
3/22/19,1.574,1.5,1.451,1.514,1.672,1.846,2.298,2.488
3/29/19,1.554,1.463,1.415,1.462,1.615,1.781,2.227,2.415
4/5/19,1.589,1.506,1.448,1.531,1.72,1.902,2.334,2.527
4/12/19,1.587,1.5,1.444,1.53,1.713,1.887,2.329,2.522
4/19/19,1.558,1.51,1.461,1.557,1.755,1.94,2.367,2.562
4/26/19,1.427,1.337,1.285,1.393,1.591,1.785,2.227,2.421
5/3/19,1.398,1.332,1.289,1.393,1.579,1.793,2.222,2.415
5/10/19,1.433,1.329,1.279,1.361,1.545,1.734,2.161,2.355
5/17/19,1.315,1.233,1.191,1.281,1.463,1.649,2.098,2.293
5/24/19,1.195,1.114,1.11,1.202,1.363,1.537,2.002,2.194
5/31/19,1.227,1.121,1.107,1.171,1.319,1.47,1.937,2.136
6/7/19,1.163,1.086,1.076,1.138,1.306,1.479,1.932,2.129
6/14/19,1.124,1.008,0.987,1.05,1.203,1.38,1.82,2.018
6/21/19,1.04,0.912,0.895,0.952,1.119,1.283,1.703,1.902
6/28/19,1.049,0.98,0.959,1.016,1.158,1.325,1.736,1.938
7/5/19,1.014,0.939,0.933,0.994,1.131,1.288,1.731,1.933
7/12/19,1.044,1.005,1,1.069,1.262,1.456,1.903,2.104
7/19/19,1.028,0.962,0.948,1.018,1.178,1.359,1.808,2.003
7/26/19,1.02,0.886,0.852,0.903,1.063,1.237,1.696,1.898
8/2/19,0.963,0.797,0.751,0.784,0.934,1.098,1.558,1.771
8/9/19,0.879,0.725,0.67,0.677,0.795,0.945,1.386,1.601
8/16/19,0.9,0.736,0.673,0.667,0.765,0.885,1.258,1.446
8/23/19,0.894,0.756,0.71,0.714,0.846,0.973,1.41,1.6
8/30/19,0.888,0.725,0.673,0.681,0.784,0.892,1.295,1.48
9/6/19,0.944,0.863,0.816,0.824,0.948,1.077,1.482,1.671
9/13/19,0.935,0.915,0.902,0.908,1.032,1.173,1.576,1.765
9/20/19,0.821,0.779,0.771,0.776,0.89,1.058,1.447,1.637
9/27/19,0.791,0.741,0.703,0.718,0.822,0.96,1.375,1.566
10/4/19,0.7,0.638,0.597,0.618,0.741,0.898,1.328,1.516
10/11/19,0.731,0.703,0.676,0.703,0.846,1.015,1.428,1.613
10/18/19,0.777,0.775,0.76,0.795,0.935,1.107,1.518,1.698
10/25/19,0.775,0.756,0.713,0.754,0.89,1.058,1.464,1.648
11/1/19,0.868,0.834,0.786,0.826,0.953,1.107,1.505,1.686
11/8/19,0.908,0.895,0.877,0.934,1.101,1.296,1.697,1.892
11/15/19,0.854,0.806,0.751,0.809,0.955,1.161,1.596,1.792
11/22/19,0.829,0.793,0.741,0.792,0.93,1.111,1.529,1.711
11/29/19,0.772,0.699,0.646,0.692,0.843,1.038,1.435,1.628
12/6/19,0.813,0.757,0.695,0.746,0.915,1.126,1.546,1.744
12/13/19,0.867,0.843,0.809,0.869,1.038,1.277,1.69,1.879
12/20/19,0.921,0.88,0.847,0.925,1.075,1.299,1.721,1.908
12/27/19,0.925,0.91,0.884,0.96,1.1,1.307,1.731,1.92
1/3/20,0.902,0.833,0.813,0.899,1.043,1.263,1.683,1.878
1/10/20,0.829,0.82,0.795,0.878,1.013,1.253,1.686,1.875
1/17/20,0.824,0.782,0.753,0.832,0.964,1.183,1.607,1.796
1/24/20,0.844,0.757,0.731,0.795,0.909,1.096,1.506,1.698
1/31/20,0.74,0.666,0.627,0.678,0.787,0.973,1.382,1.576
2/7/20,0.79,0.757,0.72,0.764,0.868,1.05,1.467,1.659
2/14/20,0.8,0.762,0.734,0.804,0.926,1.072,1.476,1.667
2/21/20,0.732,0.681,0.654,0.715,0.817,0.957,1.349,1.552
2/28/20,0.631,0.571,0.533,0.598,0.728,0.856,1.247,1.445
3/6/20,0.424,0.404,0.373,0.45,0.564,0.684,1.117,1.324
3/13/20,0.586,0.599,0.538,0.635,0.832,0.997,1.619,1.734
3/20/20,0.288,0.307,0.298,0.51,0.768,1.171,1.847,2.03
3/27/20,0.29,0.269,0.3,0.493,0.668,0.93,1.591,1.821
4/3/20,0.243,0.228,0.248,0.411,0.581,0.771,1.43,1.592
4/10/20,0.248,0.234,0.288,0.454,0.626,0.926,1.599,1.786
4/17/20,0.238,0.23,0.279,0.446,0.629,0.882,1.565,1.751
4/24/20,0.228,0.231,0.281,0.451,0.641,0.904,1.485,1.657
5/1/20,0.222,0.225,0.257,0.419,0.61,0.893,1.501,1.675
5/8/20,0.228,0.23,0.239,0.392,0.606,0.903,1.517,1.702
5/15/20,0.271,0.278,0.252,0.389,0.62,0.923,1.541,1.732
5/22/20,0.271,0.277,0.265,0.393,0.592,0.878,1.482,1.663
5/29/20,0.293,0.281,0.274,0.402,0.611,0.898,1.514,1.699
6/5/20,0.303,0.302,0.285,0.434,0.735,1.094,1.75,1.952
